Kanji,Kun,On,Arti,Kata 1,Kata 2,Kata 3,URL,Peringkat frekuensi
査,,サ,menyelidiki,"捜査【そうさ】pencarian (khususnya dalam investigasi kriminal), penyelidikan, pertanyaan","審査【しんさ】menghakimi, inspeksi, pemeriksaan, penyelidikan, ulasan","巡査【じゅんさ】petugas polisi, polisi",https://kanjikana.com/id/kanji/査?jlpt=2,184
村,むら,ソン,"desa, kota",漁村【ぎょそん】desa nelayan,"農村【のうそん】komunitas pertanian, desa pertanian, pedesaan",村【むら】desa,https://kanjikana.com/id/kanji/村?jlpt=2,253
軍,いくさ,グン,"tentara, kekuatan, pasukan, perang, pertempuran",軍艦【ぐんかん】kapal perang,軍服【ぐんぷく】seragam militer,軍事【ぐんじ】urusan militer,https://kanjikana.com/id/kanji/軍?jlpt=2,189
島,しま,トウ,pulau,"半島【はんとう】semenanjung, korea","列島【れっとう】kepulauan, rantai pulau-pulau","島【しま】pulau, wilayah kekuasaan, wilayah seseorang",https://kanjikana.com/id/kanji/島?jlpt=2,245
捜,さが.す,"ソウ, シュ, シュウ","cari, mencari, temukan","捜査【そうさ】pencarian (khususnya dalam investigasi kriminal), penyelidikan, pertanyaan","捜索【そうさく】pencarian (khususnya untuk seseorang atau sesuatu yang hilang), pemburuan manusia, pencarian yang sah secara hukum terhadap seseorang, bangunan, dll.",,https://kanjikana.com/id/kanji/捜?jlpt=2,592
兵,つわもの,"ヘイ, ヒョウ","prajurit, pribadi, pasukan, tentara, perang, strategi, taktik",兵士【へいし】prajurit,"兵器【へいき】lengan, senjata, persenjataan",,https://kanjikana.com/id/kanji/兵?jlpt=2,522
準,"じゅん.じる, じゅん.ずる, なぞら.える, のり, ひと.しい, みずもり",ジュン,"semi-, sesuai dengan, sebanding dengan, patuhi, meniru","準ずる【じゅんずる】mengikuti (aturan, preseden, dll.), mematuhi (hukum, standar, dll.), berdasarkan, menerapkan secara bersesuaian, sebanding dengan, ...","標準【ひょうじゅん】standar, tingkat, norma","基準【きじゅん】standar, dasar, kriteria, norma, referensi, ...",https://kanjikana.com/id/kanji/準?jlpt=2,425
再,ふたた.び,"サイ, サ","lagi, dua kali, kedua kali","再会【さいかい】bertemu lagi, reuni","再生【さいせい】pemulihan kehidupan, bangkit kembali, resusitasi, regenerasi, reformasi, ...","再現【さいげん】muncul kembali, kembali, kebangkitan, reproduksi, pementasan kembali, ...",https://kanjikana.com/id/kanji/再?jlpt=2,275
設,もう.ける,セツ,"lembaga, ketentuan, persiapkan","施設【しせつ】lembaga, pembentukan, fasilitas, panti","設定【せってい】pembentukan, penciptaan, menimbulkan (masalah), latar (film, novel, dll.), pemandangan, ...","設置【せっち】pembentukan, lembaga, pemasangan",https://kanjikana.com/id/kanji/設?jlpt=2,145
協,,キョウ,"bersama-sama, kerja sama","協会【きょうかい】asosiasi, masyarakat, organisasi","協議【きょうぎ】konferensi, konsultasi, diskusi, negosiasi","協調【きょうちょう】kerja sama, rekonsiliasi, keselarasan, koordinasi",https://kanjikana.com/id/kanji/協?jlpt=2,121
団,"かたまり, まる.い","ダン, トン","kelompok, asosiasi","劇団【げきだん】kelompok, perusahaan teater","公団【こうだん】perusahaan publik, perumahan publik","団結【だんけつ】persatuan, solidaritas, kombinasi, bekerja sama",https://kanjikana.com/id/kanji/団?jlpt=2,213
技,わざ,ギ,"keterampilan, seni, kerajinan, kemampuan, fitur, kinerja, pekerjaan","技【わざ】teknik, seni, keterampilan, bergerak","技能【ぎのう】keterampilan teknis, kemampuan, kapasitas",特技【とくぎ】keahlian khusus,https://kanjikana.com/id/kanji/技?jlpt=2,434
領,えり,リョウ,"yurisdiksi, dominasi, wilayah, wilayah feodal, pemerintahan","領土【りょうど】kekuasaan, wilayah, kepemilikan",領海【りょうかい】perairan teritorial,"領地【りょうち】wilayah, kekuasaan, tanah (mis. sekolah)",https://kanjikana.com/id/kanji/領?jlpt=2,138
血,ち,ケツ,darah,"出血【しゅっけつ】pendarahan, perdarahan, kehilangan uang, tinta merah, menjual di bawah harga pokok","血管【けっかん】pembuluh darah, urat",血圧【けつあつ】tekanan darah,https://kanjikana.com/id/kanji/血?jlpt=2,832
線,すじ,セン,"garis, lintasan","無線【むせん】radio (komunikasi), nirkabel, tidak menggunakan kabel","幹線【かんせん】jalur utama, jalur induk","三味線【しゃみせん】samisen, lute Jepang tiga senar",https://kanjikana.com/id/kanji/線?jlpt=2,382
武,"たけ, たけ.し","ブ, ム","pejuang, militer, kesatriaan, lengan","武力【ぶりょく】kekuatan bersenjata, kekuatan militer, pedang, kekuatan","武装【ぶそう】lengan, persenjataan, mengambil senjata, membekali diri","武士【ぶし】samurai, pejuang",https://kanjikana.com/id/kanji/武?jlpt=2,387
介,,カイ,"macet di, kerang, menengahi, mengurusi","介護【かいご】keperawatan, perawatan, peduli",介入【かいにゅう】intervensi,"厄介【やっかい】masalah, beban, gangguan, ganggu, khawatir, ...",https://kanjikana.com/id/kanji/介?jlpt=2,617
勢,"いきお.い, はずみ","セイ, ゼイ","kekuatan, energi, kekuatan militer","情勢【じょうせい】keadaan saat ini, keadaan, situasi, kondisi","優勢【ゆうせい】keunggulan, kekuatan superior, dominasi, kelebihan besar","形勢【けいせい】kondisi, situasi, prospek",https://kanjikana.com/id/kanji/勢?jlpt=2,260
門,"かど, と",モン,"gerbang, penghitung untuk meriam","部門【ぶもん】pembagian (dari sebuah kelompok besar), cabang, lapangan, kelas (subkelas), kelompok, ...","正門【せいもん】gerbang utama, pintu masuk utama","門【もん】gerbang, cabang ilmu berdasarkan ajaran seorang guru besar, pembagian, filum, penghitung untuk meriam",https://kanjikana.com/id/kanji/門?jlpt=2,452
復,また,フク,"memulihkan, kembali ke, kembali, riwayat hidup","復興【ふっこう】kebangkitan, rekonstruksi, restorasi, membangun kembali, pemulihan, ...","復旧【ふっきゅう】restorasi, restitusi, rehabilitasi","往復【おうふく】membuat perjalanan pulang pergi, pergi dan kembali, datang dan pergi, tiket pulang-pergi, tiket pulang pergi, ...",https://kanjikana.com/id/kanji/復?jlpt=2,438
装,"よそお.う, よそお.い","ソウ, ショウ","pakaian, gaun, berpura-pura, penyamaran, mengaku","衣装【いしょう】pakaian, kostum, gaun","装飾【そうしょく】hiasan, dekorasi","舗装【ほそう】membangun jalan, pengaspalan (dengan aspal, beton, dll.), trotoar",https://kanjikana.com/id/kanji/装?jlpt=2,657
星,"ほし, -ぼし","セイ, ショウ","bintang, noda, titik, tanda","惑星【わくせい】planet, kuda hitam, kandidat mengejutkan","星座【せいざ】konstelasi, tanda zodiak",火星【かせい】mars (planet),https://kanjikana.com/id/kanji/星?jlpt=2,844
仲,なか,チュウ,"perantara, hubungan","仲人【なこうど】mak comblang, perantara, penengah","仲直り【なかなおり】rekonsiliasi, berdamai (dengan), menjadi teman lagi, mendamaikan pertengkaran","仲間【なかま】teman, rekan, kawan, mitra, rekan kerja, ...",https://kanjikana.com/id/kanji/仲?jlpt=2,919
移,"うつ.る, うつ.す",イ,"berganti, bergerak, perubahan, mengambang, tangkap (pilek, api), masuk ke dalam","移民【いみん】imigrasi, emigrasi, imigran, emigran","移動【いどう】gerakan, transfer, migrasi, penghapusan, perjalanan, ...","移す【うつす】mengubah, menukar, menggantikan, mentransfer, mengubah objek minat atau fokus seseorang, ...",https://kanjikana.com/id/kanji/移?jlpt=2,448
減,"へ.る, へ.らす",ゲン,"berkurang, penurunan, kurangi, menurun, membatasi, lapar","削減【さくげん】potong, pengurangan, pemotongan","減少【げんしょう】penurunan, pengurangan",軽減【けいげん】pengurangan,https://kanjikana.com/id/kanji/減?jlpt=2,261
丈,"たけ, だけ",ジョウ,"panjang, sepuluh shaku, ukur, Tn., Ny., tinggi, tinggi badan, semua (yang dimiliki), hanya, itu saja","丈【たけ】tinggi, postur, panjang (khususnya pakaian), semua (yang dimiliki), segalanya, ...","丈【だけ】hanya, sederhana, tidak lebih dari, tidak lain kecuali, sendiri, ...","頑丈【がんじょう】padat, tegas, teguh, kekar, kuat, ...",https://kanjikana.com/id/kanji/丈?jlpt=2,1375
況,"まし.て, いわ.んや, おもむき",キョウ,"kondisi, situasi","不況【ふきょう】depresi, resesi, lesu","好況【こうきょう】kondisi makmur, ekonomi yang sehat, ledakan","状況【じょうきょう】keadaan, situasi, kondisi",https://kanjikana.com/id/kanji/況?jlpt=2,490
造,"つく.る, つく.り, -づく.り",ゾウ,"membuat, struktur, fisik","荷造り【にづくり】pengemasan, lempar, membuat peti","偽造【ぎぞう】pemalsuan, pembuatan","創造【そうぞう】penciptaan, penciptaan (oleh Tuhan)",https://kanjikana.com/id/kanji/造?jlpt=2,429
爆,は.ぜる,バク,"bom, meledak, pop, membelah","爆弾【ばくだん】bom, alkohol dengan tambahan minuman keras (khususnya highball shōchū berbasis anggur, juga bir dengan wiski)","爆発【ばくはつ】ledakan, detonasi, meledak, letusan, ledakan (emosi), ...",,https://kanjikana.com/id/kanji/爆?jlpt=2,735
州,す,"シュウ, ス","negara, provinsi","州【しゅう】negara bagian, provinsi, kabupaten, wilayah (misalnya dari Italia), kanton, ...",州【す】beting pasir,,https://kanjikana.com/id/kanji/州?jlpt=2,386
了,,リョウ,"lengkap, selesai","了承【りょうしょう】pengakuan, pemahaman, persetujuan",修了【しゅうりょう】penyelesaian (kursus),"了【りょう】selesai, penyelesaian, akhir",https://kanjikana.com/id/kanji/了?jlpt=2,792
総,"す.べて, すべ.て, ふさ",ソウ,"umum, seluruh, semua, penuh, total",総会【そうかい】rapat umum,"総【そう】seluruh, jumlah, kotor, secara keseluruhan, umum","総理大臣【そうりだいじん】perdana menteri, perdana",https://kanjikana.com/id/kanji/総?jlpt=2,129
接,つ.ぐ,"セツ, ショウ","sentuh, kontak, berdampingan, menyusun kembali","接触【せっしょく】sentuh, kontak, menyentuh","接近【せっきん】semakin dekat, mendekat, mendekati, tidak jauh berbeda, berdekatan (usia, keterampilan, dll), ...","接する【せっする】menyentuh, berhubungan dengan, berbatasan dengan, berdampingan, bersebelahan, ...",https://kanjikana.com/id/kanji/接?jlpt=2,523
絡,"から.む, から.まる",ラク,"melilit, melilit sekitar, terjebak dalam","連絡【れんらく】menghubungi, membuat kontak, berhubungan, komunikasi, korespondensi, ...",,,https://kanjikana.com/id/kanji/絡?jlpt=2,806
防,ふせ.ぐ,ボウ,"menangkis, membela, melindungi, melawan",国防【こくぼう】pertahanan nasional,"堤防【ていぼう】bank, bendungan, tanggul","防衛【ぼうえい】pertahanan, perlindungan",https://kanjikana.com/id/kanji/防?jlpt=2,331
久,ひさ.しい,"キュウ, ク","waktu yang lama, cerita lama",久しい【ひさしい】lama,"久しぶり【ひさしぶり】sudah lama (sejak terakhir kali), pertama dalam waktu yang lama",,https://kanjikana.com/id/kanji/久?jlpt=2,688
谷,"たに, きわ.まる",コク,lembah,谷【たに】lembah,,,https://kanjikana.com/id/kanji/谷?jlpt=2,508
練,"ね.る, ね.り",レン,"latihan, kilap, kereta api, bor, polandia, menyempurnakan","練る【ねる】menguleni, mengentalkan menjadi pasta (dengan mengaduk di atas api), mengasah, menyempurnakan, menjelaskan lebih rinci, ...","未練【みれん】keterikatan yang berlarut-larut, kasih sayang yang berlarut-larut, penyesalan, keengganan","訓練【くんれん】pelatihan, bor, latihan, disiplin",https://kanjikana.com/id/kanji/練?jlpt=2,788
低,"ひく.い, ひく.める, ひく.まる",テイ,"lebih rendah, pendek, rendah hati","低下【ていか】musim gugur, penurunan, menurunkan, kerusakan, degradasi","最低【さいてい】paling sedikit, terendah, minimum, terburuk, mengerikan, ...","低い【ひくい】rendah, dekat dengan tanah, pendek, dalam (suara), dengan rendah hati",https://kanjikana.com/id/kanji/低?jlpt=2,435
帯,"お.びる, おび",タイ,"selendang, sabuk, obi, zona, wilayah","携帯【けいたい】membawa (pada diri seseorang atau di tangan), ponsel","世帯【せたい】rumah tangga, rumah, keluarga, pengurus rumah tangga","連帯【れんたい】solidaritas, persendian, kolektif",https://kanjikana.com/id/kanji/帯?jlpt=2,746
裏,うら,リ,"kembali, di tengah-tengah, di, membalikkan, dalam, pohon palem, telapak kaki, belakang, lapisan, sisi yang salah","裏返し【うらがえし】terbalik, sisi lain, berlawanan, membalikkan","裏返す【うらがえす】membalik ke dalam, berbalik arah, membalikkan","裏口【うらぐち】pintu belakang, pintu keluar belakang, tidak sah, terlarang, ilegal",https://kanjikana.com/id/kanji/裏?jlpt=2,812
暴,"あば.く, あば.れる","ボウ, バク","ledakan emosi, pujian, khawatir, kekuatan, kekerasan, kekejaman, kemarahan","暴力【ぼうりょく】kekerasan, kekacauan","暴風【ぼうふう】badai, badai angin, angin kencang","暴動【ぼうどう】pemberontakan, kerusuhan",https://kanjikana.com/id/kanji/暴?jlpt=2,692
補,おぎな.う,ホ,"suplemen, pasokan, buat yang baik, pembalasan, mengkompensasi, asisten, pelajar","補償【ほしょう】kompensasi, reparasi",補強【ほきょう】penguatan,"補充【ほじゅう】pengisian kembali, suplemen, penggantian, mengisi ulang",https://kanjikana.com/id/kanji/補?jlpt=2,332
録,"しる.す, と.る",ロク,rekaman,"登録【とうろく】pendaftaran, aksesi, mendaftar, entri, rekaman","付録【ふろく】lampiran, suplemen, aneks, edisi ekstra","記録【きろく】rekaman, menit, dokumen, rekor, hasil, ...",https://kanjikana.com/id/kanji/録?jlpt=2,546
効,"き.く, ききめ, なら.う",コウ,"jasa, efikasi, efisiensi, manfaat",効率【こうりつ】efisiensi,"無効【むこう】tidak valid, kosong, tidak efektif, tidak tersedia","効力【こうりょく】efek, efikasi, keabsahan, potensi",https://kanjikana.com/id/kanji/効?jlpt=2,538
改,"あらた.める, あらた.まる",カイ,"reformasi, perubahan, modifikasi, menambal, perbarui, memeriksa, pencarian","改定【かいてい】revisi, perubahan","改修【かいしゅう】memperbaiki, perbaikan","改訂【かいてい】revisi (teks), perubahan",https://kanjikana.com/id/kanji/改?jlpt=2,147
普,"あまね.く, あまねし",フ,"universal, luas(lebar), umumnya, prusia","普遍【ふへん】universal, umum, di mana-mana, ada di mana-mana","普及【ふきゅう】difusi, menyebar, populerisasi, pengesahan, pemfamiliaran","普段【ふだん】biasa, normal, sehari-hari, kebiasaan, biasanya, ...",https://kanjikana.com/id/kanji/普?jlpt=2,757
将,"まさ.に, はた, まさ, ひきい.る, もって","ショウ, ソウ","pemimpin, komandan, umum, laksamana, atau, dan lagi, segera, mulai sekarang, hampir tentang","将棋【しょうぎ】shogi, catur jepang","将来【しょうらい】masa depan, prospek (masa depan), membawa (dari luar negeri, daerah lain, dll.), membawa tentang, menimbulkan, ...",,https://kanjikana.com/id/kanji/将?jlpt=2,634
導,みちび.く,ドウ,"bimbingan, memimpin, melakukan, pemandu","導く【みちびく】membimbing, memimpin, menunjukkan jalan, melakukan, menurunkan, ...","主導【しゅどう】kepemimpinan, inisiatif, tombak","導入【どうにゅう】pengantar, membawa masuk, pemasangan, mengatur, impor, ...",https://kanjikana.com/id/kanji/導?jlpt=2,354
個,,"コ, カ","individu, penghitung artikel","個々【ここ】individu, satu per satu, pisahkan, masing-masing","個性【こせい】individualitas, kepribadian, keunikan, karakter, karakteristik individu","個体【こたい】individu, spesimen",https://kanjikana.com/id/kanji/個?jlpt=2,451
超,"こ.える, こ.す",チョウ,"melampaui, super-, ultra-","超【ちょう】super-, ultra-, hiper-, ekstrem, sangat, ...",,,https://kanjikana.com/id/kanji/超?jlpt=2,597
被,"こうむ.る, おお.う, かぶ.る, かぶ.せる",ヒ,"mendatangkan, penutup, kerudung, merenungkan, tempat perlindungan, pakai, memakai, terpapar (film), menerima","被害【ひがい】kerusakan, cedera, kerugian","被る【かぶる】memakai (di kepala), memakai, menarik ke atas (kepala), memahkotai (diri sendiri), ditutupi dengan (debu, salju, dll.), ...",,https://kanjikana.com/id/kanji/被?jlpt=2,431
丸,"まる, まる.める, まる.い",ガン,"bulat, penuh (bulan), kesempurnaan, -kapal, pil, membulatkan, menggulung, mengeritingkan diri, menggoda, membuat alasan","丸ごと【まるごと】secara keseluruhan, seluruh, seluruhnya","丸々【まるまる】montok, gempal, gembrot, seluruhnya, sepenuhnya","丸【まる】lingkaran, keseluruhan, seluruh, penuh, lengkap, ...",https://kanjikana.com/id/kanji/丸?jlpt=2,542
担,"かつ.ぐ, にな.う",タン,"membahu, membawa, mengangkat, beruang","分担【ぶんたん】mengambil bagian (misalnya, dalam pekerjaan), membagi (pekerjaan, biaya, dll.) di antara, pembagian, alokasi, tugas","負担【ふたん】beban, muat, tanggung jawab, menanggung, membahu","担う【になう】membawa di bahu, membahu, menanggung, mengambil tanggung jawab",https://kanjikana.com/id/kanji/担?jlpt=2,422
量,はか.る,リョウ,"kuantitas, ukur, berat, jumlah, pertimbangkan, perkiraan, dugaan","微量【びりょう】jumlah yang sangat kecil, kuantitas yang sangat kecil","重量【じゅうりょう】berat, petinju kelas berat","測量【そくりょう】pengukuran, pemetaan",https://kanjikana.com/id/kanji/量?jlpt=2,469
療,,リョウ,"sembuhkan, obat","治療【ちりょう】pengobatan medis, perawatan, terapi, obat","診療【しんりょう】diagnosis dan pengobatan, perawatan medis",医療【いりょう】perawatan medis,https://kanjikana.com/id/kanji/療?jlpt=2,600
辺,"あた.り, ほと.り, -べ",ヘン,"sekitar, batas, perbatasan","浜辺【はまべ】pantai, pesisir","周辺【しゅうへん】keliling, pinggiran, sekitar, di area tersebut, di sekitar, ...","辺り【あたり】di lingkungan, lingkungan, sekitar, dekat, tentang, ...",https://kanjikana.com/id/kanji/辺?jlpt=2,428
像,,ゾウ,"patung, gambar, angka, potret","映像【えいぞう】gambar (pada layar), gambar (misalnya di TV), video, film, rekaman, ...","像【ぞう】gambar, figur, patung, potret, angka, ...","仏像【ぶつぞう】patung Buddha, gambar buddha, patung buddha, citra buddha",https://kanjikana.com/id/kanji/像?jlpt=2,856
令,,レイ,"pesanan, hukum-hukum, perintah, dekrit, baik","指令【しれい】pesanan, instruksi, arah, perintah","命令【めいれい】pesan, perintah, dekrit, direktif, instruksi perangkat lunak, ...",,https://kanjikana.com/id/kanji/令?jlpt=2,804
階,きざはし,カイ,"lantai, tangga, penghitung lantai gedung","階【かい】lantai, cerita, tangga, tahap, penghitung lantai dan tingkat gedung","階層【かいそう】kelas, tingkat, lapisan, hierarki","階級【かいきゅう】kelas sosial, peringkat, nilai",https://kanjikana.com/id/kanji/階?jlpt=2,513
極,"きわ.める, きわ.まる, きわ.まり, きわ.み, き.める, -ぎ.め, き.まる","キョク, ゴク","mengilapkan, pemukiman, kesimpulan, akhir, peringkat tertinggi, tiang listrik, sangat, paling, 10 pangkat 48","究極【きゅうきょく】terakhir, akhir, akhirnya","極楽【ごくらく】Sukhavati (Tanah Murni Amitabha), surga, surga di bumi","両極【りょうきょく】kedua ujung, kutub utara dan kutub selatan, kutub positif dan negatif",https://kanjikana.com/id/kanji/極?jlpt=2,460
細,"ほそ.い, ほそ.る, こま.か, こま.かい",サイ,"anggun, menjadi kurus, meruncing, langsing, sempit, terperinci, tepat","詳細【しょうさい】rincian, spesifik, terperinci, menit, tampilan dekat (dari peta digital), ...",細胞【さいぼう】sel,"細工【さいく】kerja, keterampilan kerja, kerajinan tangan, tipu daya, tipu, ...",https://kanjikana.com/id/kanji/細?jlpt=2,537
周,まわ.り,シュウ,"keliling, sirkuit, lap","周期【しゅうき】siklus, periode","周【しゅう】penghitung putaran atau sirkuit, keliling, Dinasti Zhou (di Tiongkok; sekitar 1046-256 SM), Dinasti Chou","周辺【しゅうへん】keliling, pinggiran, sekitar, di area tersebut, di sekitar, ...",https://kanjikana.com/id/kanji/周?jlpt=2,562
管,くだ,カン,"pipa, tabung, instrumen tiup, pembicaraan mabuk, kontrol, yurisdiksi","保管【ほかん】muatan, perwalian, penitipan, deposito, penyimpanan","血管【けっかん】pembuluh darah, urat","管理【かんり】kontrol, manajemen (misalnya dari sebuah bisnis)",https://kanjikana.com/id/kanji/管?jlpt=2,517
乱,"みだ.れる, みだ.る, みだ.す, みだ, おさ.める, わた.る","ラン, ロン","kerusuhan, perang, gangguan, mengganggu","乱用【らんよう】penyalahgunaan, penyelewengan, menggunakan secara berlebihan","内乱【ないらん】perang saudara, pemberontakan, konflik domestik",反乱【はんらん】pemberontakan,https://kanjikana.com/id/kanji/乱?jlpt=2,755
府,,フ,"kabupaten, prefektur perkotaan, kantor pemerintah, badan perwakilan, gudang","政府【せいふ】pemerintah, administrasi, kementerian",,,https://kanjikana.com/id/kanji/府?jlpt=2,170
根,"ね, -ね",コン,"akar, radikal, kepala (jerawat)","根拠【こんきょ】dasar, dasar-dasar, alasan, otoritas, basis (operasi)","根底【こんてい】akar, dasar","根回し【ねまわし】meletakkan dasar, manuver di belakang layar, proses pembentukan konsensus, menggali di sekitar akar pohon (sebelum memindahkan)",https://kanjikana.com/id/kanji/根?jlpt=2,620
城,しろ,"ジョウ, セイ",kastil,"城下【じょうか】tanah dekat sebuah kastil, kota kastil",城【しろ】kastil,,https://kanjikana.com/id/kanji/城?jlpt=2,795
狙,"ねら.う, ねら.い","ソ, ショ","bidik pada, penglihatan, bayangan, tangkai","狙う【ねらう】mengarahkan (senjata, dll.), mengejar (sesuatu atau seseorang), memperhatikan, merencanakan untuk membuat milik sendiri, bertujuan untuk, ...",狙い【ねらい】tujuan,,https://kanjikana.com/id/kanji/狙?jlpt=2,745
香,"か, かお.り, かお.る","コウ, キョウ","dupa, bau, parfum","香辛料【こうしんりょう】bumbu, rempah-rempah","香水【こうすい】parfum, aroma","香り【かおり】aroma, wewangian, bau",https://kanjikana.com/id/kanji/香?jlpt=2,859
史,,シ,"sejarah, kronik",歴史【れきし】sejarah,,,https://kanjikana.com/id/kanji/史?jlpt=2,511
触,"ふ.れる, さわ.る, さわ",ショク,"kontak, sentuh, merasa, pukulan, mengumumkan, umumkan, konflik","接触【せっしょく】sentuh, kontak, menyentuh","感触【かんしょく】merasakan, sentuh, tekstur, sensasi, perasaan, ...","触れる【ふれる】menyentuh, merasa, menyentuh (dengan), mengalami, berhubungan dengan, ...",https://kanjikana.com/id/kanji/触?jlpt=2,904
逆,"さか, さか.さ, さか.らう","ギャク, ゲキ","terbalik, membalikkan, berlawanan, jahat","逆立ち【さかだち】berdiri dengan tangan, berdiri kepala, terbalik, berada dalam keadaan terbalik","逆転【ぎゃくてん】pembalikan (dari sebuah situasi), balik arah, pembalikan, membalikkan keadaan, perubahan mendadak, ...","逆さ【さかさ】terbalik, dari belakang ke depan",https://kanjikana.com/id/kanji/逆?jlpt=2,683
材,,ザイ,"kayu, catatan peristiwa, bahan-bahan, bakat",教材【きょうざい】materi pengajaran,"素材【そざい】bahan, bahan mentah, sumber daya, kayu mentah, materi pokok, ...","人材【じんざい】orang yang mampu, orang berbakat, sumber daya manusia, personil",https://kanjikana.com/id/kanji/材?jlpt=2,565
禁,,キン,"larangan, melarang",禁じる【きんじる】melarang,"禁止【きんし】larangan, inhibisi, melarang","禁煙【きんえん】berhenti merokok, berhenti merokok, larangan merokok, Dilarang Merokok, Dilarang Merokok",https://kanjikana.com/id/kanji/禁?jlpt=2,681
脳,のうずる,"ノウ, ドウ","otak, ingatan","脳【のう】otak, pikiran","首脳【しゅのう】kepala, pemimpin, atas, bagian penting","頭脳【ずのう】kepala, otak, intelek, pemahaman",https://kanjikana.com/id/kanji/脳?jlpt=2,459
象,かたど.る,"ショウ, ゾウ","gajah, meniru, gambar, bentuk, tanda zaman","象徴【しょうちょう】simbol abstrak, lambang, representasi","気象【きしょう】kondisi cuaca, sikap, watak","象【しょう】bentuk, angka, penampilan, fenomena",https://kanjikana.com/id/kanji/象?jlpt=2,394
恋,"こ.う, こい, こい.しい",レン,"romansa, jatuh cinta, merindukan, nyonya, sayang","恋愛【れんあい】cinta, pembuatan cinta, gairah, emosi, kasih sayang","恋する【こいする】jatuh cinta (dengan), mencintai","恋しい【こいしい】merindukan, dirindukan, terlewatkan",https://kanjikana.com/id/kanji/恋?jlpt=2,1296
希,"まれ, こいねが.う","キ, ケ","harapan, mengemis, permintaan, berdoa, memohon, yunani, encerkan (asam), langka, sedikit, fenomenal","希望【きぼう】harapan, keinginan, aspirasi, prospek (cerah)",,,https://kanjikana.com/id/kanji/希?jlpt=2,896
境,さかい,"キョウ, ケイ","batas, perbatasan, wilayah","境遇【きょうぐう】keadaan seseorang, lingkungan, situasi (dalam kehidupan)","環境【かんきょう】lingkungan, keadaan","国境【こっきょう】perbatasan, perbatasan nasional",https://kanjikana.com/id/kanji/境?jlpt=2,346
営,"いとな.む, いとな.み",エイ,"pekerjaan, kem, melakukan, membangun, melakukan bisnis","営む【いとなむ】menjalankan (bisnis), mengoperasikan, melakukan, berpraktik (hukum, kedokteran, dll.), melaksanakan, ...","運営【うんえい】manajemen, administrasi, operasi","経営【けいえい】manajemen, administrasi, operasi, menjalankan (bisnis), melakukan",https://kanjikana.com/id/kanji/営?jlpt=2,303
宇,,ウ,"talang, atap, rumah, surga","宇宙【うちゅう】alam semesta, kosmos, ruang angkasa",,,https://kanjikana.com/id/kanji/宇?jlpt=2,883
戸,と,コ,"pintu, penghitung untuk rumah, radikal pintu (no. 63)",戸【こ】rumah,雨戸【あまど】penutup badai geser,"戸棚【とだな】lemari, loker, lemari pakaian, kabinet",https://kanjikana.com/id/kanji/戸?jlpt=2,575
歴,,"レキ, レッキ","kurikulum, kelanjutan, perjalanan waktu","学歴【がくれき】latar belakang akademis, kredensial akademik, rekor akademik","履歴【りれき】riwayat pribadi, latar belakang, karier, catatan, rekaman, ...",歴史【れきし】sejarah,https://kanjikana.com/id/kanji/歴?jlpt=2,632
森,もり,シン,hutan,森林【しんりん】hutan,"森【もり】hutan, hutan suci",,https://kanjikana.com/id/kanji/森?jlpt=2,609
賞,ほ.める,ショウ,"hadiah, pujian","懸賞【けんしょう】menawarkan hadiah, kompetisi hadiah, hadiah","賞金【しょうきん】uang hadiah, penghargaan moneter, hadiah","賞品【しょうひん】hadiah, piala",https://kanjikana.com/id/kanji/賞?jlpt=2,426
奥,"おく, おく.まる, くま",オウ,"jantung, interior","奥【おく】bagian dalam, interior, belakang, kedalaman (mis. sebuah hutan), celah-celah (misalnya dari sebuah gua), ...","奥さん【おくさん】istri, istrimu, istrinya, wanita menikah, nona",,https://kanjikana.com/id/kanji/奥?jlpt=2,1018
党,"なかま, むら",トウ,"pesta, faksi, klik","与党【よとう】partai penguasa, partai pemerintah, partai yang berkuasa, pemerintah","野党【やとう】partai oposisi, oposisi",政党【せいとう】partai politik,https://kanjikana.com/id/kanji/党?jlpt=2,39
型,"かた, -がた",ケイ,"cetakan, jenis, model","模型【もけい】model, boneka, maket","型【かた】jenis, gaya, model, pola, cetakan, ...",,https://kanjikana.com/id/kanji/型?jlpt=2,482
波,なみ,ハ,"gelombang, ombak besar, polandia","津波【つなみ】tsunami, gelombang pasang",短波【たんぱ】gelombang pendek,"電波【でんぱ】gelombang radio, resepsi, sinyal, mengatakan hal-hal aneh",https://kanjikana.com/id/kanji/波?jlpt=2,740
焼,"や.く, や.き, や.き-, -や.き, や.ける",ショウ,"memanggang, membakar","日焼け【ひやけ】sengatan matahari, berjemur, cokelat muda, menjadi pudar karena matahari (misalnya kertas), menguning, ...","夕焼け【ゆうやけ】senja, matahari terbenam merah","焼く【やく】membakar, memanggang, memanaskan, memecat, berjemur, ...",https://kanjikana.com/id/kanji/焼?jlpt=2,982
簡,"えら.ぶ, ふだ","カン, ケン","kesederhanaan, kepadatan","簡易【かんい】kesederhanaan, kemudahan, semu-","簡潔【かんけつ】ringkas, singkat, padat","簡単【かんたん】sederhana, mudah, tidak rumit, singkat, cepat, ...",https://kanjikana.com/id/kanji/簡?jlpt=2,983
課,,カ,"bab, pelajaran, bagian, departemen, divisi, pembilang bab","課題【かだい】subjek, tema, masalah, materi, pekerjaan rumah, ...",課外【かがい】ekstrakurikuler,課税【かぜい】pajak,https://kanjikana.com/id/kanji/課?jlpt=2,455
届,"とど.ける, -とど.け, とど.く",カイ,"mengantarkan, mencapai, tiba, laporan, memberitahu, ke depan","届く【とどく】mencapai, menyentuh, untuk sampai ke, menggema, akan dikirim, ...","届ける【とどける】mengantarkan, meneruskan, mengirim, melaporkan, memberitahu, ...",,https://kanjikana.com/id/kanji/届?jlpt=2,939
区,,"ク, オウ, コウ","bangsal, distrik","区間【くかん】bagian, segmen, dimensi, interval","区切り【くぎり】jeda, tanda baca, istirahat, akhir, berhenti, ...","区画【くかく】pembagian, bagian, kompartemen, blok, alur, ...",https://kanjikana.com/id/kanji/区?jlpt=2,137
専,もっぱ.ら,セン,"keahlian khusus, eksklusif, terutama, hanya",専修【せんしゅう】spesialisasi,"専ら【もっぱら】seluruhnya, hanya, secara eksklusif, dengan penuh pengabdian, dengan tatapan tetap, ...","専用【せんよう】penggunaan eksklusif, penggunaan pribadi, penggunaan khusus, gunakan untuk tujuan tertentu, menggunakan hanya (misalnya suatu merek tertentu), ...",https://kanjikana.com/id/kanji/専?jlpt=2,506
副,,フク,"wakil-, asisten, duplikat, salin",,,,https://kanjikana.com/id/kanji/副?jlpt=2,360
弱,"よわ.い, よわ.る, よわ.まる, よわ.める",ジャク,"lemah, rapuh","弱まる【よわまる】mereda, melemahkan, kurang gizi, merasa kecewa, bingung",弱める【よわめる】melemahkan,"弱る【よわる】melemahkan, melemah, meredup, menurun, merasa sedih, ...",https://kanjikana.com/id/kanji/弱?jlpt=2,958
捨,す.てる,シャ,"membuang, membuang, mengabaikan, mengundurkan diri, tolak, pengorbanan","四捨五入【ししゃごにゅう】pembulatan (angka), pembulatan setengah menjauhi nol, membulatkan (pandangan), berkonvergensi ke pendapat yang sama","捨てる【すてる】membuang, pergi, menyerah, mengundurkan diri",,https://kanjikana.com/id/kanji/捨?jlpt=2,1266
圧,"お.す, へ.す, おさ.える, お.さえる","アツ, エン, オウ","tekanan, dorong, menghancurleburkan, menindas, mendominasi","抑圧【よくあつ】periksa, pengekangan, penindasan","圧力【あつりょく】tekanan, stres, tekanan (misalnya politik), pemaksaan",血圧【けつあつ】tekanan darah,https://kanjikana.com/id/kanji/圧?jlpt=2,718
跡,あと,セキ,"jejak, tanda, cetak, kesan","追跡【ついせき】memburu, kejaran, pelacakan, menguntit, mengikuti, ...","跡継ぎ【あとつぎ】ahli waris, penerus","遺跡【いせき】sisa-sisa (arkeologis), reruntuhan, relik",https://kanjikana.com/id/kanji/跡?jlpt=2,953
域,,イキ,"jangkauan, wilayah, batas-batas, panggung, tingkat",域外【いきがい】di luar area,"領域【りょういき】wilayah, domain, lapangan, jangkauan, rezim","区域【くいき】batas-batas, batas, domain, zona, bola, ...",https://kanjikana.com/id/kanji/域?jlpt=2,396
巻,"ま.く, まき, ま.き","カン, ケン","gulir, volume, buku, bagian, menggulung, mengakhiri, dasi, kumparan, penghitung untuk teks (atau gulungan buku)","巻【まき】gulungan, memutar (mis. jam), jilid, mempercepat, hak (sandal Jepang)",,,https://kanjikana.com/id/kanji/巻?jlpt=2,944
橋,はし,キョウ,jembatan,"橋渡し【はしわたし】mediasi, perantara baik, perantara, penengah, jembatan, ...","桟橋【さんばし】dermaga, jembatan","鉄橋【てっきょう】jembatan kereta api, jembatan besi",https://kanjikana.com/id/kanji/橋?jlpt=2,553
里,さと,リ,"rhode island, desa, rumah orang tua, liga","郷里【きょうり】kampung halaman, tempat kelahiran",,,https://kanjikana.com/id/kanji/里?jlpt=2,1096
児,"こ, -こ, -っこ","ジ, ニ, ゲイ","bayi baru lahir, anak, anak hewan",小児科【しょうにか】pediatri,"孤児【こじ】yatim piatu, orang tanpa teman","育児【いくじ】penitipan anak, pengasuhan anak, keperawatan, pembesaran",https://kanjikana.com/id/kanji/児?jlpt=2,679
算,そろ,サン,"menghitung, meramal, nomor, abakus, probabilitas",採算【さいさん】keuntungan,"清算【せいさん】penyelesaian (keuangan), menyeimbangkan rekening, melunasi utang, likuidasi, mengakhiri (hubungan), ...","換算【かんさん】konversi (misalnya yen ke dolar), perubahan, pertukaran, terjemahan (numerik)",https://kanjikana.com/id/kanji/算?jlpt=2,361
囲,"かこ.む, かこ.う, かこ.い",イ,"mengelilingi, mengkepung, toko, terutama, kandang, melingkari, mempertahankan, jaga","雰囲気【ふんいき】atmosfer, suasana hati, suasana, aura, merasa, ...","周囲【しゅうい】sekitar, sekitarnya, keliling","範囲【はんい】jangkauan, cakupan, bola, jangka waktu",https://kanjikana.com/id/kanji/囲?jlpt=2,771
順,,ジュン,"patuhi, pesan, berbelok, benar, kepatuhan, kesempatan","手順【てじゅん】proses, prosedur, urutan, protokol, instruksi","順序【じゅんじょ】pesan, urutan, prosedur","道順【みちじゅん】rute, cara, kursus, arah",https://kanjikana.com/id/kanji/順?jlpt=2,779
骨,ほね,コツ,"kerangka, tulang, sisa-sisa, bingkai","骨【こつ】bakat, keterampilan, tipu, rahasia, pengetahuan teknis, ...","露骨【ろこつ】buka, terbuka, tak tersamarkan, kentara, polos, ...","骨【ほね】tulang, bingkai, garis besar, inti, tulang punggung, ...",https://kanjikana.com/id/kanji/骨?jlpt=2,936
汚,"けが.す, けが.れる, けが.らわしい, よご.す, よご.れる, きたな.い",オ,"kotor, mencemari, aib, pemerkosaan, menghina","汚れる【けがれる】dilanggar, dikotori, tercemar, menjadi ternoda","汚れ【けがれ】najis, ketidakmurnian, penodaan, aib, malu, ...","汚す【よごす】mencemari, mengkontaminasi, mengotori, menodai, mencemarkan nama baik, ...",https://kanjikana.com/id/kanji/汚?jlpt=2,908
玉,"たま, たま-, -だま",ギョク,"permata, bola","玉【ぎょく】batu berharga (terutama giok), telur (terkadang terutama sebagai topping sushi), saham atau sekuritas yang diperdagangkan, produk yang dibeli atau dijual, posisi, ...","玉【たま】bola, bola, globe, bola, butir, ...",,https://kanjikana.com/id/kanji/玉?jlpt=2,737
鉄,くろがね,テツ,besi,鉄鋼【てっこう】besi dan baja,製鉄【せいてつ】pembuatan besi,"鉄棒【てつぼう】batang besi, klub besi, palang mendatar (senam)",https://kanjikana.com/id/kanji/鉄?jlpt=2,672
比,くら.べる,ヒ,"bandingkan, balapan, rasio, Filipina","比率【ひりつ】rasio, proporsi, persentase","比重【ひじゅう】berat jenis, kerapatan relatif, kepentingan relatif, berat","対比【たいひ】kontras, perbandingan",https://kanjikana.com/id/kanji/比?jlpt=2,329
片,"かた-, かた",ヘン,"sepihak, daun, lembar, radikal kanan-side (no. 91)","片言【かたこと】omong kosong, bahasa yang rusak, bahasa penghenti, percakapan bayi, pidato yang tidak sempurna, ...","片付け【かたづけ】merapikan, penyelesaian","片思い【かたおもい】cinta tak berbalas, cinta bertepuk sebelah tangan",https://kanjikana.com/id/kanji/片?jlpt=2,1076
患,わずら.う,カン,"terkena, penyakit, menderita dari, sakit",患者【かんじゃ】pasien,,,https://kanjikana.com/id/kanji/患?jlpt=2,796
永,なが.い,エイ,"keabadian, panjang","永遠【えいえん】keabadian, kekekalan",,,https://kanjikana.com/id/kanji/永?jlpt=2,846
換,"か.える, -か.える, か.わる",カン,"pertukaran, periode, perubahan, mengubah, ganti, perbarui","転換【てんかん】konversi, pengalihan, peralihan, komutasi, beralih","換算【かんさん】konversi (misalnya yen ke dolar), perubahan, pertukaran, terjemahan (numerik)",換気【かんき】ventilasi,https://kanjikana.com/id/kanji/換?jlpt=2,687
蔵,"くら, おさ.める, かく.れる","ゾウ, ソウ","gudang, sembunyi, milik, memiliki","蔵【くら】gudang, ruang bawah tanah, majalah, lumbung, depositori, ...",蔵相【ぞうしょう】menteri keuangan,"埋蔵【まいぞう】mengubur di tanah, memiliki deposit bawah tanah",https://kanjikana.com/id/kanji/蔵?jlpt=2,468
温,"あたた.か, あたた.かい, あたた.まる, あたた.める, ぬく",オン,hangat,"保温【ほおん】menahan kehangatan, menjaga panas tetap di dalam, isolasi panas","温室【おんしつ】rumah kaca, konservatorium","温まる【あたたまる】menghangatkan diri, berjemur, memanaskan",https://kanjikana.com/id/kanji/温?jlpt=2,838
額,ひたい,ガク,"dahi, tablet, plak, gambar bingkai, jumlah, volume","差額【さがく】keseimbangan, perbedaan (dalam harga, biaya), margin","額【がく】bingkai (gambar), gambar bingkai, jumlah (uang terutama), jumlah","額【ひたい】dahi, alis",https://kanjikana.com/id/kanji/額?jlpt=2,407
輪,わ,リン,"roda, cincin, lingkaran, tautan, putaran, penghitung untuk roda dan bunga","年輪【ねんりん】cincin tahunan pohon, cincin pertumbuhan, pengalaman dalam hidup","首輪【くびわ】kalung hewan, kalung, kalung choker",輪【りん】penghitung untuk roda dan bunga,https://kanjikana.com/id/kanji/輪?jlpt=2,693
衣,"ころも, きぬ, -ぎ","イ, エ",pakaian,"衣装【いしょう】pakaian, kostum, gaun",衣料【いりょう】pakaian,衣類【いるい】pakaian,https://kanjikana.com/id/kanji/衣?jlpt=2,1214
混,"ま.じる, -ま.じり, ま.ざる, ま.ぜる, こ.む",コン,"campur, campurkan, bingung","混同【こんどう】kebingungan, pencampuran, penggabungan","混ぜる【まぜる】mencampurkan, mengaduk","混ざる【まざる】dicampur, dicampur dengan, berhubungan dengan, bergaul dengan, bergabung",https://kanjikana.com/id/kanji/混?jlpt=2,824
刺,"さ.す, さ.さる, さ.し, さし, とげ",シ,"duri, menusuk, sengatan, kartu nama",刺繍【ししゅう】sulaman,"刺す【さす】menusuk, menempel, menggigit, menjahit, membordir, ...","刺さる【ささる】menusuk, terjebak, menginap, menyentuh emosi, bergerak",https://kanjikana.com/id/kanji/刺?jlpt=2,1031
栄,"さか.える, は.え, -ば.え, は.える, え","エイ, ヨウ","berkembang, kemakmuran, kehormatan, kemuliaan, kemegahan",栄える【さかえる】berkembang,"繁栄【はんえい】kemakmuran, makmur, maju","栄養【えいよう】gizi, nutrisi",https://kanjikana.com/id/kanji/栄?jlpt=2,920
軽,"かる.い, かろ.やか, かろ.んじる","ケイ, キョウ, キン","ringan, sepele, tidak penting",軽減【けいげん】pengurangan,"手軽【てがる】mudah, sederhana, tidak formal, spontan, murah","気軽【きがる】bebas kekhawatiran, mengapung, ceria, bersemangat, kemudahan",https://kanjikana.com/id/kanji/軽?jlpt=2,790
替,"か.える, か.え-, か.わる",タイ,"pertukaran, cadangan, pengganti, per-","切り替える【きりかえる】mengubah, menukar, mengonversi, memperbarui, melempar sakelar, ...","為替【かわせ】giro, draf, pertukaran (misalnya asing)","替わる【かわる】berhasil, melegakan, mengganti, menggantikan, mengambil alih untuk, ...",https://kanjikana.com/id/kanji/替?jlpt=2,979
委,ゆだ.ねる,イ,"komite, percayakan kepada, pergi ke, mengabdikan, membuang",委員【いいん】anggota komite,,,https://kanjikana.com/id/kanji/委?jlpt=2,187
芸,"う.える, のり, わざ","ゲイ, ウン","teknik, seni, kerajinan, kinerja, akting, tipu daya, akrobat","学芸【がくげい】seni dan sains, seni liberal",手芸【しゅげい】kerajinan tangan,"芸能【げいのう】hiburan publik, seni pertunjukan, prestasi, pencapaian",https://kanjikana.com/id/kanji/芸?jlpt=2,719
印,"しるし, -じるし, しる.す",イン,"cap, segel, tanda, cetakan, simbol, lambang, merek dagang, bukti, cenderamata, india","調印【ちょういん】tanda tangan, penandatanganan, penyegelan","印鑑【いんかん】cap, segel","印【いん】prangko, anjing laut, memotong, cetak segel, penyegelan, ...",https://kanjikana.com/id/kanji/印?jlpt=2,682
腕,うで,ワン,"lengan, kemampuan, bakat","腕前【うでまえ】kemampuan, keahlian, fasilitas","腕【うで】lengan, keterampilan, upaya, kemampuan",,https://kanjikana.com/id/kanji/腕?jlpt=2,1163
河,かわ,カ,sungai,"運河【うんが】kanal yang dapat dilayari, jalur air",,,https://kanjikana.com/id/kanji/河?jlpt=2,663
署,,ショ,"tanda tangan, kantor pemerintah, kantor polisi",署名【しょめい】tanda tangan,,,https://kanjikana.com/id/kanji/署?jlpt=2,725
並,"な.み, なみ, なら.べる, なら.ぶ, なら.びに","ヘイ, ホウ","baris, dan, selain, serta, berbaris, beringkat dengan, saingan, sama","並びに【ならびに】dan, baik ... maupun, serta","並列【へいれつ】mengatur dalam satu baris, berdiri dalam satu baris, paralel","軒並み【のきなみ】deretan rumah, setiap rumah, setiap pintu, semua, sepenuhnya, ...",https://kanjikana.com/id/kanji/並?jlpt=2,599
植,"う.える, う.わる",ショク,tanaman,"植民地【しょくみんち】koloni, (penyelesaian) di Brasil",田植え【たうえ】penanaman padi,"植木【うえき】semak taman, pohon-pohon, tanaman pot",https://kanjikana.com/id/kanji/植?jlpt=2,699
庫,くら,"コ, ク",gudang,"在庫【ざいこ】persediaan, inventaris",倉庫【そうこ】gudang,"車庫【しゃこ】garasi, garasi terbuka, depot (kereta, bus, dll.)",https://kanjikana.com/id/kanji/庫?jlpt=2,852
羽,"は, わ, はね",ウ,"bulu, penghitung untuk burung, kelinci","羽【はね】bulu, turun, sayap, baling-baling, kok bulu tangkis, ...",,,https://kanjikana.com/id/kanji/羽?jlpt=2,748
陸,おか,"リク, ロク","tanah, enam",内陸【ないりく】daratan,"着陸【ちゃくりく】pendaratan, turun, mendarat","陸【りく】tanah, pantai",https://kanjikana.com/id/kanji/陸?jlpt=2,736
各,おのおの,カク,"masing-masing, setiap, entah","各自【かくじ】masing-masing (orang), semua orang, individu, masing-masing","各地【かくち】setiap tempat, berbagai tempat",,https://kanjikana.com/id/kanji/各?jlpt=2,243
角,"かど, つの",カク,"sudut, persegi, tanduk, tanduk rusa","角【かく】sudut, persegi, kubus, uskup, 商音, ...",街角【まちかど】pojok jalan,"四角い【しかくい】persegi, persegi panjang",https://kanjikana.com/id/kanji/角?jlpt=2,805
燃,"も.える, も.やす, も.す",ネン,"membakar, nyala api, bercahaya",燃料【ねんりょう】bahan bakar,"燃える【もえる】membakar, semangat",,https://kanjikana.com/id/kanji/燃?jlpt=2,948
胸,"むね, むな-",キョウ,"dada, payudara, jantung, perasaan","胸【むね】dada, payudara, jantung, paru-paru, perut, ...",,,https://kanjikana.com/id/kanji/胸?jlpt=2,1144
農,,ノウ,"pertanian, petani",農場【のうじょう】pertanian,農地【のうち】lahan pertanian,酪農【らくのう】peternakan susu,https://kanjikana.com/id/kanji/農?jlpt=2,385
紹,,ショウ,"memperkenalkan, warisi, bantu","紹介【しょうかい】pengantar, presentasi, rujukan",,,https://kanjikana.com/id/kanji/紹?jlpt=2,963
殿,"との, -どの","デン, テン","Tuan, aula, rumah besar, istana, kuil, tuan","殿【しんがり】belakang, penjaga unit belakang, jangkar (pria)",宮殿【きゅうでん】istana,"殿様【とのさま】bangsawan, pejabat, tuan, daimyo, daimyo, ...",https://kanjikana.com/id/kanji/殿?jlpt=2,1199
臓,はらわた,ゾウ,"jeroan, usus","内臓【ないぞう】organ dalam, jeroan","心臓【しんぞう】jantung, keberanian, saraf, pipi, empedu, ...",,https://kanjikana.com/id/kanji/臓?jlpt=2,991
秒,,ビョウ,detik,"秒【びょう】detik, detik busur",,,https://kanjikana.com/id/kanji/秒?jlpt=2,1015
固,"かた.める, かた.まる, かた.まり, かた.い",コ,"mengeras, aturan, gumpalan, menggumpal","固有【こゆう】karakteristik, tradisional, aneh, melekat, pribumi, ...","固体【こたい】padat, materi padat, padat-state","固定【こてい】memperbaiki (di tempat), diperbaiki (di tempat), mengamankan, penambatan, mengencangkan, ...",https://kanjikana.com/id/kanji/固?jlpt=2,750
劇,,ゲキ,"drama, bermain","劇団【げきだん】kelompok, perusahaan teater","喜劇【きげき】komedi, pertunjukan lucu","演劇【えんげき】drama, teater, bermain",https://kanjikana.com/id/kanji/劇?jlpt=2,662
短,みじか.い,タン,"pendek, kepadatan, kesalahan, cacat, titik lemah","短大【たんだい】perguruan tinggi muda, lembaga pendidikan pascasekolah menengah yang berorientasi kejuruan selama dua atau tiga tahun","短縮【たんしゅく】penyingkatan, kontraksi, pengurangan, pembatasan, singkatan","短歌【たんか】tanka, puisi Jepang 31-mora",https://kanjikana.com/id/kanji/短?jlpt=2,689
競,"きそ.う, せ.る, くら.べる","キョウ, ケイ","meniru, bersaing dengan, tawaran, jual di lelang, mengenai, kontes, balapan",競馬【けいば】balap kuda,"競技【きょうぎ】permainan, pertandingan, kontes","競争【きょうそう】kompetisi, kontes, persaingan, balapan, kompetisi (antara organisme atau spesies)",https://kanjikana.com/id/kanji/競?jlpt=2,610
承,"うけたまわ.る, う.ける","ショウ, ジョウ","setuju secara diam-diam, dengar, mendengarkan, diberitahu, menerima","了承【りょうしょう】pengakuan, pemahaman, persetujuan","承諾【しょうだく】persetujuan, penerimaan, perjanjian, kepatuhan","承る【うけたまわる】mendengar, diberitahu, mengetahui, menerima (pesanan), mengambil, ...",https://kanjikana.com/id/kanji/承?jlpt=2,775
韓,"から, いげた",カン,korea,,,,https://kanjikana.com/id/kanji/韓?jlpt=2,445
荒,"あ.らす, あ.れる, あら.い, すさ.ぶ, すさ.む, あ.らし",コウ,"dihancurkan, kasar, liar","荒廃【こうはい】reruntuhan, kehancuran, sampah, peluruhan","荒っぽい【あらっぽい】liar, kekerasan, kasar, kasar (misalnya pekerjaan), ceroboh","荒らす【あらす】membuat porak-poranda, menghancurkan, merusak, menginvasi, menerobos masuk, ...",https://kanjikana.com/id/kanji/荒?jlpt=2,1099
清,"きよ.い, きよ.まる, きよ.める","セイ, ショウ, シン","murni, membersihkan, mengusir setan, dinasti manchu","清算【せいさん】penyelesaian (keuangan), menyeimbangkan rekening, melunasi utang, likuidasi, mengakhiri (hubungan), ...","清らか【きよらか】bersih, jelas, murni, jujur, tidak bersalah, ...","清純【せいじゅん】kemurnian, kepolosan",https://kanjikana.com/id/kanji/清?jlpt=2,705
毒,,ドク,"racun, virus, bisa, kuman, kerugian, cedera, kebencian","中毒【ちゅうどく】keracunan, kecanduan","消毒【しょうどく】disinfeksi, sterilisasi","毒【どく】racun, toksikan, kerugian, pengaruh jahat, kehendak jahat, ...",https://kanjikana.com/id/kanji/毒?jlpt=2,1419
編,"あ.む, -あ.み",ヘン,"kompilasi, merajut, kepang, memutar, pengeditan, puisi yang sudah selesai, bagian dari sebuah buku",長編【ちょうへん】panjang,"編【へん】kompilasi (teks), pengeditan, jilid, karya sastra yang telah selesai","編み物【あみもの】merajut, bahan rajutan",https://kanjikana.com/id/kanji/編?jlpt=2,591
岩,いわ,ガン,"batu besar, batu, tebing",岩石【がんせき】batu,溶岩【ようがん】lava,"岩【いわ】batu, batu besar, tebing, jangkar",https://kanjikana.com/id/kanji/岩?jlpt=2,787
巨,,キョ,"raksasa, besar, hebat","巨大【きょだい】besar sekali, raksasa",,,https://kanjikana.com/id/kanji/巨?jlpt=2,892
宝,たから,ホウ,"harta karun, kekayaan, barang berharga","重宝【ちょうほう】nyaman, berguna, praktis, membantu, menemukan yang berguna, ...",宝【たから】harta karun,"宝石【ほうせき】permata, batu mulia",https://kanjikana.com/id/kanji/宝?jlpt=2,1139
油,あぶら,"ユ, ユウ","minyak, gemuk",原油【げんゆ】minyak mentah,油絵【あぶらえ】lukisan minyak,"油断【ゆだん】kelalaian, ketidakperhatian, ketidaksiapan",https://kanjikana.com/id/kanji/油?jlpt=2,690
坂,さか,ハン,"lereng, miring, bukit","坂【さか】lereng, miring, bukit, tonggak, tanda usia",,,https://kanjikana.com/id/kanji/坂?jlpt=2,865
革,かわ,カク,"kulit, reformasi, menjadi serius","変革【へんかく】perubahan, transformasi, reformasi, revolusi, merevolusi, ...","革新【かくしん】reformasi, inovasi","革命【かくめい】revolusi, tahun ke-58 dari siklus seksagenari (dalam Onmyōdō)",https://kanjikana.com/id/kanji/革?jlpt=2,249
停,"と.める, と.まる",テイ,"berhenti, menghentikan","調停【ちょうてい】arbitrase, rekonsiliasi, mediasi","停電【ていでん】pemadaman listrik, pemadaman, kegagalan pasokan listrik","停留所【ていりゅうじょ】berhenti, stasiun, tempat berhenti",https://kanjikana.com/id/kanji/停?jlpt=2,733
菜,な,サイ,"sayuran, lauk, hijau",野菜【やさい】sayuran,,,https://kanjikana.com/id/kanji/菜?jlpt=2,1327
祝,いわ.う,"シュク, シュウ","merayakan, ucapkan selamat","祝賀【しゅくが】perayaan, selamat","祝日【しゅくじつ】libur nasional, hari libur nasional","祝う【いわう】merayakan, memberi selamat, memberikan (sebuah hadiah) dalam perayaan, minum untuk merayakan, mengharapkan (masa depan yang bahagia, keberuntungan yang baik, dll.), ...",https://kanjikana.com/id/kanji/祝?jlpt=2,1184
依,よ.る,"イ, エ","bergantung, bergantung pada, akibatnya, oleh karena itu, karena","依然【いぜん】masih, sejauh ini, sebagaimana adanya",依存【いぞん】ketergantungan,"依頼【いらい】permintaan, komisi, mempercayakan (suatu urusan), ketergantungan",https://kanjikana.com/id/kanji/依?jlpt=2,906
甘,"あま.い, あま.える, あま.やかす, うま.い",カン,"manis, membujuk, manjakan, puas","甘口【あまくち】rasa manis, kelembutan, sanjungan, kebodohan","甘える【あまえる】bersikap seperti anak manja, membujuk, memanfaatkan, menganggap sudah pasti (misalnya, kemurahan hati orang lain), bergantung pada","甘やかす【あまやかす】memanjakan, merusak",https://kanjikana.com/id/kanji/甘?jlpt=2,1248
詰,"つ.める, つ.め, -づ.め, つ.まる, つ.む","キツ, キチ","penuh, dekat, ditekan, mencela, teguran, menyalahkan","詰まる【つまる】dikemas (dengan), penuh, tersumbat, memperpendek, menciutkan, ...","詰まり【つまり】maksudnya, itu adalah, dengan kata lain, maksud saya, itu berarti, ...","詰める【つめる】memasukkan ke dalam, macet, menghafal, mengemas, mengisi, ...",https://kanjikana.com/id/kanji/詰?jlpt=2,1020
省,"かえり.みる, はぶ.く","セイ, ショウ","fokus, kementerian pemerintah, mengawetkan","反省【はんせい】refleksi, pertimbangan kembali, introspeksi, meditasi, kontemplasi, ...","省略【しょうりゃく】penghilangan, mengabaikan, singkatan, ringkasan, pemendekan (mis. nama)",,https://kanjikana.com/id/kanji/省?jlpt=2,548
底,そこ,テイ,"bawah, telapak kaki, kedalaman, harga terendah, dasar, baik hati, mengurutkan","根底【こんてい】akar, dasar","到底【とうてい】(tidak) mungkin, tidak dengan cara apa pun, sama sekali tidak, sangat, benar-benar","底【そこ】bawah, tunggal",https://kanjikana.com/id/kanji/底?jlpt=2,867
荷,に,カ,"bagasi, beban pikulan, memikul beban, membahu (senjata), muat, kargo, barang-barang","荷【に】muat, bagasi, kargo, barang, beban, ...","荷造り【にづくり】pengemasan, lempar, membuat peti","荷物【にもつ】bagasi, paket, beban, muatan (dari paket, sel, dll.)",https://kanjikana.com/id/kanji/荷?jlpt=2,1230
損,"そこ.なう, そこな.う, -そこ.なう, そこ.ねる, -そこ.ねる",ソン,"kerusakan, kehilangan, kerugian, terluka, cedera","損なう【そこなう】merugikan, melukai, merusak, gagal untuk ..., melewatkan kesempatan untuk ...",破損【はそん】kerusakan,"損失【そんしつ】kehilangan (aset, keuntungan, dll.)",https://kanjikana.com/id/kanji/損?jlpt=2,807
卒,"そっ.する, お.える, お.わる, ついに, にわか","ソツ, シュツ","lulus, prajurit, pribadi, mati","卒業【そつぎょう】wisuda, penyelesaian (sebuah kursus), melanjutkan, melebihi (sesuatu), pergi (dari sebuah kelompok, perusahaan, dll.), ...",,,https://kanjikana.com/id/kanji/卒?jlpt=2,772
林,はやし,リン,"hutan kecil, hutan",林業【りんぎょう】kehutanan,森林【しんりん】hutan,"山林【さんりん】hutan pegunungan, hutan di gunung, gunung dan hutan",https://kanjikana.com/id/kanji/林?jlpt=2,656
泉,いずみ,セン,"musim semi, air mancur","温泉【おんせん】mata air panas, pemandian air panas Jepang, resor pemandian air panas, pemandian air panas","泉【いずみ】musim semi, air mancur",,https://kanjikana.com/id/kanji/泉?jlpt=2,1086
億,,オク,"seratus juta, 10 pangkat 8","億【おく】seratus juta, 100.000.000",,,https://kanjikana.com/id/kanji/億?jlpt=2,716
布,"ぬの, し.く, きれ","フ, ホ","linen, kain, menyebar, mendistribusikan","布告【ふこく】perintah, peraturan, proklamasi","分布【ぶんぷ】distribusi, alokasi","座布団【ざぶとん】zabuton, bantal lantai datar yang biasa digunakan saat duduk atau berlutut; biasanya berbentuk persegi panjang",https://kanjikana.com/id/kanji/布?jlpt=2,877
毛,け,モウ,"bulu, rambut, bawah","毛糸【けいと】benang rajut, benang wol",羊毛【ようもう】wol,"毛皮【けがわ】bulu, kulit, kulit bulu, radikal ""bulu"" kanji",https://kanjikana.com/id/kanji/毛?jlpt=2,1179
枚,,"マイ, バイ","lembaran..., penghitung untuk objek datar dan tipis atau lembaran","枚【まい】penghitung untuk objek tipis dan datar (misalnya lembaran kertas, piring, koin), penghitung porsi gyōza atau soba, penghitung untuk peringkat, penghitung untuk pegulat dengan peringkat tertentu, penghitung untuk ladang atau sawah, ...","枚数【まいすう】jumlah benda datar, perbedaan menang-kalah yang mempengaruhi peringkat pegulat",,https://kanjikana.com/id/kanji/枚?jlpt=2,911
延,"の.びる, の.べる, の.べ, の.ばす",エン,"memperpanjang, peregangan","延べ【のべ】kontrak berjangka, kredit (pembelian), peregangan, total (mengikuti penghitung, satuan, dll.), agregat, ...","延長【えんちょう】perpanjangan, memanjangkan, panjang total, perluasan, lanjutan, ...",延期【えんき】penundaan,https://kanjikana.com/id/kanji/延?jlpt=2,747
伸,"の.びる, の.ばす, の.べる, の.す",シン,"mengembangkan, meregangkan, memperpanjang, meningkatkan","伸ばす【のばす】memanjang, memanjangkan, memperpanjang, meregangkan, menghubungi, ...","伸びる【のびる】meregangkan, memperpanjang, tumbuh, meluruskan, diratakan, ...",,https://kanjikana.com/id/kanji/伸?jlpt=2,730
勇,いさ.む,ユウ,"keberanian, semangat, bersemangat tinggi, kepahlawanan","勇敢【ゆうかん】berani, heroik, gagah","勇ましい【いさましい】berani, pemberani, gagah, mengaduk, bersemangat, ...","勇気【ゆうき】keberanian, urat saraf",https://kanjikana.com/id/kanji/勇?jlpt=2,1319
測,はか.る,ソク,"mengerti, rencana, skema, ukur","推測【すいそく】tebak, dugaan","観測【かんそく】pengamatan, survei, pengukuran, pendapat, prediksi, ...","測量【そくりょう】pengukuran, pemetaan",https://kanjikana.com/id/kanji/測?jlpt=2,761
倍,,バイ,"ganda, dua kali, waktu, lipat","倍率【ばいりつ】perbesaran, pengaruh, amplifikasi, faktor penskalaan, faktor skala, ...","倍【ばい】ganda, dua kali (lebih banyak), kali, -lipat, ke-n, ...",,https://kanjikana.com/id/kanji/倍?jlpt=2,714
雇,やと.う,コ,"mempekerjakan, sewa","雇用【こよう】pekerjaan, sewa","雇う【やとう】mempekerjakan, mengontrak, menyewa",,https://kanjikana.com/id/kanji/雇?jlpt=2,975
輸,,"ユ, シュ","transportasi, kirim, lebih rendah",運輸【うんゆ】transportasi,輸送【ゆそう】transportasi,輸血【ゆけつ】transfusi darah,https://kanjikana.com/id/kanji/輸?jlpt=2,371
岸,きし,ガン,pantai,"沿岸【えんがん】pantai, pesisir","岸【きし】bank, pantai",海岸【かいがん】pantai,https://kanjikana.com/id/kanji/岸?jlpt=2,556
略,"ほぼ, はぶ.く, おか.す, おさ.める, はかりごと, はか.る",リャク,"singkatan, penghilangan, garis besar, memperpendek, tangkap, jarah","略奪【りゃくだつ】jarah, jarahan, penjarahan, perampokan","略語【りゃくご】singkatan, akronim","概略【がいりゃく】garis besar, ringkasan, intisari, secara singkat",https://kanjikana.com/id/kanji/略?jlpt=2,774
純,,ジュン,"asli, kesucian, kepolosan, keuntungan bersih","清純【せいじゅん】kemurnian, kepolosan","純粋【じゅんすい】murni, benar, asli","純情【じゅんじょう】hati murni, keluguan, kepolosan",https://kanjikana.com/id/kanji/純?jlpt=2,1044
採,と.る,サイ,"pilih, ambil, mengambil","採択【さいたく】adopsi, pilihan",採算【さいさん】keuntungan,採掘【さいくつ】pertambangan,https://kanjikana.com/id/kanji/採?jlpt=2,607
占,"し.める, うらな.う",セン,"ramalan, meramal, peramalan, menduduki, tahan, memiliki, dapatkan, mengambil","独占【どくせん】monopoli, eksklusivitas, menguasai, menyendiri","占領【せんりょう】menduduki, memiliki (sebuah area) untuk diri sendiri saja, okupasi militer, milik, tangkap, ...","占う【うらなう】meramal nasib seseorang, meramalkan, memprediksi, meramal",https://kanjikana.com/id/kanji/占?jlpt=2,694
央,,オウ,"pusat, tengah","中央【ちゅうおう】pusat, tengah, jantung, ibu kota, ibu kota pemerintahan",,,https://kanjikana.com/id/kanji/央?jlpt=2,582
航,,コウ,"navigasi, berlayar, kapal pesiar, terbang","航海【こうかい】pelayaran laut, navigasi, berlayar, lewat, kapal pesiar","航空【こうくう】penerbangan, terbang",,https://kanjikana.com/id/kanji/航?jlpt=2,665
悩,"なや.む, なや.ます, なや.ましい, なやみ",ノウ,"masalah, khawatir, dalam rasa sakit, kesulitan, penyakit","悩み【なやみ】masalah, khawatir, kesulitan, kesedihan, penderitaan","悩ます【なやます】menimpa, menyiksa, mengganggu, melecehkan","悩ましい【なやましい】menggoda, duniawi, memikat, mengganggu, sulit, ...",https://kanjikana.com/id/kanji/悩?jlpt=2,1084
頃,"ころ, ごろ, しばら.く","ケイ, キョウ","waktu, tentang, menuju",頃【けい】qing,"年頃【としごろ】usia perkiraan, usia nyata, usia layak menikah (khususnya bagi seorang wanita), usia dewasa, usia yang tepat (untuk ...), ...","その頃【そのころ】pada saat itu, pada masa itu, kemudian",https://kanjikana.com/id/kanji/頃?jlpt=2,2015
針,はり,シン,"jarum, peniti, klip kertas, sengat",針金【はりがね】kawat,"針路【しんろ】kursus, arah","方針【ほうしん】kebijakan, kursus, rencana (aksi), prinsip, jarum magnet",https://kanjikana.com/id/kanji/針?jlpt=2,505
賢,かしこ.い,ケン,"cerdas, bijaksana, kebijaksanaan, kecerdasan","賢明【けんめい】bijaksana, masuk akal, cerdas","賢い【かしこい】bijaksana, pintar, berperilaku baik (khususnya anak-anak dan hewan peliharaan), patuh, baik",,https://kanjikana.com/id/kanji/賢?jlpt=2,1159
則,"のっと.る, のり, すなわち",ソク,"aturan, hukum, mengikuti, berdasarkan, meniru setelah","原則【げんそく】prinsip, aturan umum, secara umum, secara prinsip","不規則【ふきそく】ketidakteraturan, ketidakstabilan, berantakan","法則【ほうそく】hukum, aturan",https://kanjikana.com/id/kanji/則?jlpt=2,753
砂,すな,"サ, シャ",pasir,"砂利【じゃり】kerikil, pemberat, anak, bocah kecil",砂漠【さばく】gurun,"砂【すな】pasir, ketabahan",https://kanjikana.com/id/kanji/砂?jlpt=2,1146
踊,おど.る,ヨウ,"lompat, tari, lompatan, melewatkan",踊る【おどる】menari (asalnya tarian melompat),踊り【おどり】tari,,https://kanjikana.com/id/kanji/踊?jlpt=2,1308
乾,"かわ.く, かわ.かす, ほ.す, ひ.る, いぬい","カン, ケン","kekeringan, kering, mengeringkan, minum habis, surga, kaisar","乾かす【かわかす】mengeringkan (pakaian, dll.), mengeringkan","乾燥【かんそう】kekeringan, mengeringkan (misalnya pakaian), dehidrasi, pengeringan, keseganan",乾く【かわく】mengeringkan,https://kanjikana.com/id/kanji/乾?jlpt=2,1453
含,"ふく.む, ふく.める",ガン,"mengandung, termasuk, tahan di mulut, ingat, mengerti, menghargai","含める【ふくめる】memasukkan, mengajar, membuat seseorang mengerti, menyertakan (nuansa), menyematkan (implikasi), ...","含む【ふくむ】mengandung, mencakup, memiliki, memegang, termasuk, ...",,https://kanjikana.com/id/kanji/含?jlpt=2,466
複,,フク,"duplikat, ganda, senyawa, berbagai","重複【ちょうふく】duplikasi, pengulangan, tumpang tindih, redundansi, restorasi","複写【ふくしゃ】menyalin, duplikasi, reproduksi, salin","複数【ふくすう】jamak, beberapa",https://kanjikana.com/id/kanji/複?jlpt=2,915
税,,ゼイ,"pajak, tugas","関税【かんぜい】tarif (pajak impor), tugas, kebiasaan",課税【かぜい】pajak,"税関【ぜいかん】bea cukai, gedung bea cukai",https://kanjikana.com/id/kanji/税?jlpt=2,289
照,"て.る, て.らす, て.れる",ショウ,"menyinari, bersinar, bandingkan, pemalu","参照【さんしょう】rujukan (misalnya ke kamus, bagian, catatan kaki), konsultasi, perbandingan, menjelajahi (file atau folder)","照合【しょうごう】kolasi, perbandingan","照明【しょうめい】penerangan, pencahayaan",https://kanjikana.com/id/kanji/照?jlpt=2,1004
皮,かわ,ヒ,"kulit bulu, kulit, sembunyi, radikal kulit (no. 107)","皮肉【ひにく】ironi, sarkasme, sinisme, satir, tak terduga, ...","毛皮【けがわ】bulu, kulit, kulit bulu, radikal ""bulu"" kanji","皮【かわ】kulit, sembunyi, bulu, rindu, kupas, ...",https://kanjikana.com/id/kanji/皮?jlpt=2,1092
築,きず.く,チク,"mengarang, membangun","新築【しんちく】gedung baru, konstruksi baru","築く【きずく】membangun, mendirikan, mengumpulkan, menumpuk","建築【けんちく】konstruksi, arsitektur (bangunan)",https://kanjikana.com/id/kanji/築?jlpt=2,821
祭,"まつ.る, まつ.り, まつり",サイ,"ritual, menawarkan doa, merayakan, mendewakan, mengabadikan, sembahyang","祭る【まつる】memuliakan, mengabadikan, berdoa, beribadah","祭り【まつり】festival, pesta, pelecehan oleh massa garpu tala internet, perundungan daring, membara, ...","お祭り【おまつり】festival, pesta, karnaval",https://kanjikana.com/id/kanji/祭?jlpt=2,1124
敬,うやま.う,"ケイ, キョウ","kagum, menghormati, kehormatan","敬語【けいご】gelar kehormatan, istilah penghormatan, ekspresi sopan, bahasa hormat","尊敬【そんけい】hormat, penghargaan, penghormatan, kehormatan","敬意【けいい】hormat, kehormatan",https://kanjikana.com/id/kanji/敬?jlpt=2,1078
棒,,ボウ,"batang, tongkat, tiang, klub, garis","鉄棒【てつぼう】batang besi, klub besi, palang mendatar (senam)","泥棒【どろぼう】pencuri, perampok, pencurian, perampokan",,https://kanjikana.com/id/kanji/棒?jlpt=2,1455
包,"つつ.む, くる.む",ホウ,"membungkus, mengemas, sampul, menyembunyikan","包装【ほうそう】pengemasan, pembungkusan","包丁【ほうちょう】pisau dapur, pisau ukir, memasak, makanan","包帯【ほうたい】perban, pakaian",https://kanjikana.com/id/kanji/包?jlpt=2,954
昇,のぼ.る,ショウ,bangkit,"上昇【じょうしょう】naik, menaik, memanjat","昇進【しょうしん】promosi, kemajuan, naik pangkat",,https://kanjikana.com/id/kanji/昇?jlpt=2,826
預,"あず.ける, あず.かる",ヨ,"deposito, penjagaan, pergi dengan, serahkan kepada","預金【よきん】deposito, rekening bank","預かる【あずかる】merawat, menjaga, mempertahankan, menahan, dipercayakan untuk mengurus, ...","預ける【あずける】menitipkan, mempercayakan (seseorang) dengan, menyetorkan, menugaskan, menyerahkan (suatu masalah) ke tangan seseorang, ...",https://kanjikana.com/id/kanji/預?jlpt=2,981
泊,"と.まる, と.める",ハク,"menginap, menginap di, berlabuh","泊【はく】penghitung malam menginap, menginap, penginapan","泊める【とめる】memberikan perlindungan kepada, menginap, menggantung, mengakomodasi","宿泊【しゅくはく】akomodasi, penginapan",https://kanjikana.com/id/kanji/泊?jlpt=2,1233
板,いた,"ハン, バン","papan, piring, panggung","看板【かんばん】papan tanda, tanda, papan reklame, penimbunan, plat pintu, ...",黒板【こくばん】papan tulis hitam,"板【いた】papan, lembaran (logam), piringan (kaca), kaca, pelat, ...",https://kanjikana.com/id/kanji/板?jlpt=2,926
袋,ふくろ,"タイ, ダイ","karung, tas, kantong","足袋【たび】perjalanan, kaus kaki jepang (dengan jempol terpisah)","袋【ふくろ】tas, karung, kantong, kulit jeruk (dan buah-buahan serupa lainnya), jalan buntu, ...",手袋【てぶくろ】sarung tangan,https://kanjikana.com/id/kanji/袋?jlpt=2,1125
訓,"おし.える, よ.む, くん.ずる","クン, キン","instruksi, pembacaan karakter jepang, penjelasan, baca","教訓【きょうくん】pelajaran, prinsip, ajaran, moral","訓練【くんれん】pelatihan, bor, latihan, disiplin","訓【くん】bacaan asli jepang dari karakter cina, ajaran, pelajaran, ajaran seseorang",https://kanjikana.com/id/kanji/訓?jlpt=2,1134
諸,もろ,ショ,"berbagai, banyak, beberapa, bersama",,,,https://kanjikana.com/id/kanji/諸?jlpt=2,658
誌,,シ,"dokumen, catatan","雑誌【ざっし】jurnal, majalah",,,https://kanjikana.com/id/kanji/誌?jlpt=2,851
寺,てら,ジ,kuil buddha,寺【てら】kuil,,,https://kanjikana.com/id/kanji/寺?jlpt=2,879
虫,むし,"チュウ, キ","serangga, suhu",昆虫【こんちゅう】serangga,"虫歯【むしば】rongga, kerusakan gigi, gigi berlubang, karies gigi","虫【むし】serangga, kriket, ngengat, cacing, cacing gelang, ...",https://kanjikana.com/id/kanji/虫?jlpt=2,1351
氷,"こおり, ひ, こお.る",ヒョウ,"es batu, es, hujan es, membekukan, membeku","氷【こおり】es, es serut (biasanya disajikan dengan sirup rasa)",,,https://kanjikana.com/id/kanji/氷?jlpt=2,1450
黄,"き, こ-","コウ, オウ",kuning,"黄金【おうごん】emas (Au), emas, makmur, luar biasa, uang (khususnya koin ōban), ...","黄色【きいろ】kuning, kehijauan","黄色い【きいろい】kuning, suara bernada tinggi, tajam",https://kanjikana.com/id/kanji/黄?jlpt=2,1240
竹,たけ,チク,bambu,"竹【たけ】bambu (sembarang rumput dari subfamili Bambusoideae), tengah",,,https://kanjikana.com/id/kanji/竹?jlpt=2,593
快,こころよ.い,カイ,"ceria, menyenangkan, nyaman","軽快【けいかい】ringan, lincah, kenyal, ceria, mengapung, ...","快晴【かいせい】cuaca cerah, cuaca baik","快適【かいてき】menyenangkan, nyaman",https://kanjikana.com/id/kanji/快?jlpt=2,1074
贈,おく.る,"ゾウ, ソウ","hadiah, kirim, berikan kepada, penghargaan untuk, berunding tentang, menyajikan sesuatu","寄贈【きぞう】donasi, presentasi, hadiah","贈る【おくる】memberikan, menyajikan, memberikan penghargaan","贈り物【おくりもの】hadir, hadiah",https://kanjikana.com/id/kanji/贈?jlpt=2,1001
講,,コウ,"kuliah, klub, asosiasi","聴講【ちょうこう】kehadiran kuliah, audit","休講【きゅうこう】pembatalan (kuliah, kelas, dll.)","講師【こうし】pembicara, dosen, instruktur, guru paruh waktu, tutor (di sekolah bimbingan belajar)",https://kanjikana.com/id/kanji/講?jlpt=2,653
祈,いの.る,キ,"berdoa, keinginan",祈り【いのり】doa,"祈る【いのる】berdoa, mengucapkan rahmat, mengharapkan, berharap",,https://kanjikana.com/id/kanji/祈?jlpt=2,1462
律,,"リツ, リチ, レツ","irama, hukum, peraturan, pengukur, kontrol","一律【いちりつ】seragam, bahkan, menyeluruh, sama","規律【きりつ】pesan, pengamatan, disiplin, aturan, hukum, ...",法律【ほうりつ】hukum,https://kanjikana.com/id/kanji/律?jlpt=2,992
掃,は.く,"ソウ, シュ","menyapu, sikat","清掃【せいそう】pembersihan, pengumpulan sampah, mengais","掃除【そうじ】pembersihan, menyapu, membersihkan debu, menggosok",,https://kanjikana.com/id/kanji/掃?jlpt=2,1255
幼,おさな.い,ヨウ,"masa bayi, masa kecil","幼児【ようじ】anak muda, balita, anak di atas 1 tahun tetapi belum mencapai usia sekolah",幼稚園【ようちえん】taman kanak-kanak,"幼い【おさない】sangat muda, kecil, anak-anak, tidak matang",https://kanjikana.com/id/kanji/幼?jlpt=2,1227
群,"む.れる, む.れ, むら, むら.がる",グン,"kawanan, kelompok, kerumunan, gerombolan","群【ぐん】kelompok, sekumpulan, kerumunan, gerombolan, grup musik","群れ【むれ】kelompok, kerumunan, kawanan, sekolah, gugus, ...",,https://kanjikana.com/id/kanji/群?jlpt=2,1012
叫,さけ.ぶ,キョウ,"berteriak, berseru, teriak","叫ぶ【さけぶ】berteriak, menangis, menjerit, berseru, membuat gaduh (untuk atau melawan), ...",,,https://kanjikana.com/id/kanji/叫?jlpt=2,1426
池,いけ,チ,"kolam, tangki air, kolam renang, waduk","電池【でんち】baterai, sel 
",池【いけ】kolam,,https://kanjikana.com/id/kanji/池?jlpt=2,827
震,"ふる.う, ふる.える, ふる.わせる, ふる.わす",シン,"gempa, menggoyangkan, menggigil, gemetar","震える【ふるえる】menggigil, menggoyang, bergetar, gemetar",地震【じしん】gempa bumi,,https://kanjikana.com/id/kanji/震?jlpt=2,893
豊,"ゆた.か, とよ","ホウ, ブ","berlimpah, luar biasa, kaya","豊か【ゆたか】melimpah, berlimpah, kaya, cukup, terbuka (pikiran), ...","豊富【ほうふ】melimpah, berlimpah, kaya, cukup",,https://kanjikana.com/id/kanji/豊?jlpt=2,762
乳,"ちち, ち",ニュウ,"susu, payudara","乳【ちち】susu, payudara, lingkaran, benjolan dekoratif",牛乳【ぎゅうにゅう】susu sapi,,https://kanjikana.com/id/kanji/乳?jlpt=2,1289
埋,"う.める, う.まる, う.もれる, うず.める, うず.まる, い.ける",マイ,"mengubur, terisi penuh, tertanam","埋蔵【まいぞう】mengubur di tanah, memiliki deposit bawah tanah","埋まる【うまる】dikuburkan, untuk ditutupi, dikelilingi, meluap, ramai, ...","埋める【うめる】mengubur, mengisi (mis. penonton mengisi ruangan), menyebabkan menjadi terkemas, menyumbat, menghentikan (celah), ...",https://kanjikana.com/id/kanji/埋?jlpt=2,1110
績,,セキ,"eksploitasi, prestasi, menggulung ulang kepompong","業績【ぎょうせき】prestasi, kinerja, hasil, kerja, kontribusi","紡績【ぼうせき】pemintalan (tekstil), benang pintal","実績【じっせき】prestasi, hasil aktual, hasil masa lalu, rekam jejak",https://kanjikana.com/id/kanji/績?jlpt=2,820
章,,ショウ,"lencana, bab, komposisi, puisi, desain","章【しょう】bab, bagian, medali, lencana, lambang","文章【ぶんしょう】menulis, komposisi, esai, artikel, lewat, ...",,https://kanjikana.com/id/kanji/章?jlpt=2,990
卵,たまご,ラン,"telur, ovum, muncul, telur ikan","卵【たまご】telur, muncul, telur ikan, telur ayam, dalam pembuatan, ...",,,https://kanjikana.com/id/kanji/卵?jlpt=2,1342
封,,"フウ, ホウ","segel, penutupan",封【ふう】segel,"封鎖【ふうさ】blokade, penguncian, menyegel (suatu area), membekukan (dana)",同封【どうふう】melampirkan (misalnya dengan surat),https://kanjikana.com/id/kanji/封?jlpt=2,1143
尊,"たっと.い, とうと.い, たっと.ぶ, とうと.ぶ",ソン,"dihormati, berharga, mulia, tertinggi","尊敬【そんけい】hormat, penghargaan, penghormatan, kehormatan","尊重【そんちょう】hormat, penghargaan, mengenai",,https://kanjikana.com/id/kanji/尊?jlpt=2,1181
層,,ソウ,"lapisan, kelas sosial, cerita, lantai","階層【かいそう】kelas, tingkat, lapisan, hierarki","高層【こうそう】gedung pencakar langit, bertingkat, tinggi, atas (atmosfer, arus udara, dll.)","一層【いっそう】bahkan lebih, masih lebih, semakin, lebih dari sebelumnya, satu lapisan, ...",https://kanjikana.com/id/kanji/層?jlpt=2,801
県,か.ける,ケン,prefektur,県庁【けんちょう】kantor prefektur,"県【けん】prefektur (Jepang), kabupaten (Tiongkok, Taiwan, Norwegia, dll.), departemen (Prancis), provinsi (Italia, Spanyol, dll.)",,https://kanjikana.com/id/kanji/県?jlpt=2,140
述,の.べる,ジュツ,"sebutkan, negara, berbicara, berhubungan","口述【こうじゅつ】diktasi, pernyataan verbal","述べる【のべる】menyatakan, mengungkapkan, mengatakan, memberitahu, menyebutkan",,https://kanjikana.com/id/kanji/述?jlpt=2,379
般,,ハン,"pembawa, membawa, semua, umum, mengurutkan, baik hati","全般【ぜんぱん】seluruh, secara keseluruhan, secara umum","一般【いっぱん】umum, universal, biasa, rata-rata, bukan selebriti, ...",,https://kanjikana.com/id/kanji/般?jlpt=2,649
薄,"うす.い, うす-, -うす, うす.める, うす.まる, うす.らぐ, うす.ら-, うす.れる, すすき",ハク,"encerkan, tipis, lemah, rumput pampas","薄暗い【うすぐらい】redup, suram","薄める【うすめる】mencampurkan, mencairkan","薄い【うすい】tipis, pucat, cahaya, pingsan, berair, ...",https://kanjikana.com/id/kanji/薄?jlpt=2,1009
坊,,"ボウ, ボッ","anak laki-laki, tempat tinggal pendeta, imam","朝寝坊【あさねぼう】tidur larut di pagi hari, tidur lebih lama, terlalu banyak tidur, pemalas bangun pagi, orang yang susah bangun di pagi hari","坊や【ぼうや】anak laki-laki, anak, anak laki-laki saya, pemuda, pemula","坊ちゃん【ぼっちゃん】anak (orang) lain, anak laki-laki, tuan muda, pemuda hijau dari keluarga berada, pemuda yang tidak mengerti cara dunia",https://kanjikana.com/id/kanji/坊?jlpt=2,1832
厚,"あつ.い, あか",コウ,"tebal, berat, kaya, baik hati, ramah, tak tahu malu, tidak tahu malu","厚い【あつい】tebal, dalam, berat, baik hati, ramah, ...",,,https://kanjikana.com/id/kanji/厚?jlpt=2,768
孫,まご,ソン,"cucu, keturunan",子孫【しそん】keturunan,孫【まご】cucu,,https://kanjikana.com/id/kanji/孫?jlpt=2,1388
床,"とこ, ゆか",ショウ,"tempat tidur, penghitung untuk tempat tidur, lantai, bantalan, tatami","床【とこ】tempat tidur, perlengkapan tempat tidur, tempat tidur sakit, alkof, dasar sungai, ...",床の間【とこのま】tokonoma (alcove tempat seni atau bunga dipajang),"起床【きしょう】bangun (dari tempat tidur), bangun, keluar dari tempat tidur",https://kanjikana.com/id/kanji/床?jlpt=2,1175
販,,ハン,"pemasaran, jual, perdagangan","販売【はんばい】penjualan, menjual, pemasaran",,,https://kanjikana.com/id/kanji/販?jlpt=2,627
液,,エキ,"cairan, cair, jus, getah, sekresi",溶液【ようえき】larutan,"液【えき】cair, cairan",血液【けつえき】darah,https://kanjikana.com/id/kanji/液?jlpt=2,1210
札,ふだ,サツ,"label, uang kertas, penghitung obligasi, plakat, tawaran","名札【なふだ】plat nama, label nama, label","札【さつ】uang kertas, tagihan, catatan",,https://kanjikana.com/id/kanji/札?jlpt=2,921
版,,ハン,"blok cetak, plat cetak, edisi, kesan, label","版画【はんが】cukilan kayu, cetakan kayu, cetakan seni",初版【しょはん】edisi pertama,絶版【ぜっぱん】tidak dicetak lagi,https://kanjikana.com/id/kanji/版?jlpt=2,802
紅,"べに, くれない, あか.い","コウ, ク",merah tua,口紅【くちべに】lipstik,"紅葉【こうよう】warna musim gugur, daun berganti warna, daun berubah merah, daun merah, daun berubah menjadi kuning, ...",紅茶【こうちゃ】teh hitam,https://kanjikana.com/id/kanji/紅?jlpt=2,1299
齢,"よわい, とし",レイ,usia,"年齢【ねんれい】usia, tahun-tahun",,,https://kanjikana.com/id/kanji/齢?jlpt=2,770
雲,"くも, -ぐも",ウン,awan,雲【くも】awan,,,https://kanjikana.com/id/kanji/雲?jlpt=2,1256
浴,"あ.びる, あ.びせる",ヨク,"mandi, mendapatkan kehormatan, berjemur di","入浴【にゅうよく】mandi, pergi ke kamar mandi",浴室【よくしつ】kamar mandi,"海水浴【かいすいよく】berenang di laut, mandi laut, mandi air laut, pergi berenang di laut",https://kanjikana.com/id/kanji/浴?jlpt=2,1136
塩,しお,エン,garam,食塩【しょくえん】garam meja,塩辛い【しおからい】asin,"塩【しお】garam, garam dapur, garam meja, natrium klorida, kesulitan, ...",https://kanjikana.com/id/kanji/塩?jlpt=2,1148
鼻,はな,ビ,"hidung, moncong","耳鼻科【じびか】otorhinolaringologi, departemen telinga, hidung, dan tenggorokan",鼻【はな】hidung,,https://kanjikana.com/id/kanji/鼻?jlpt=2,1632
券,,ケン,tiket,旅券【りょけん】paspor,"定期券【ていきけん】kartu langganan komuter, tiket musiman","回数券【かいすうけん】kupon tiket, tiket diskon, buku tiket",https://kanjikana.com/id/kanji/券?jlpt=2,583
双,"ふた, たぐい, ならぶ, ふたつ",ソウ,"pasangan, aturan, perbandingan, penghitung pasangan",双子【ふたご】kembar,,,https://kanjikana.com/id/kanji/双?jlpt=2,1029
旧,"ふる.い, もと",キュウ,"zaman dulu, barang-barang lama, teman lama, mantan","旧知【きゅうち】teman lama, kenalan lama","復旧【ふっきゅう】restorasi, restitusi, rehabilitasi","旧【きゅう】tua, mantan, yang tua, barang lama, adat lama, ...",https://kanjikana.com/id/kanji/旧?jlpt=2,549
肩,かた,ケン,bahu,肩【かた】bahu,,,https://kanjikana.com/id/kanji/肩?jlpt=2,1215
尻,しり,コウ,"pantat, pinggul, belakang","尻尾【しっぽ】ekor, bagian akhir, tip","尻【しり】pantat, di belakang, bawah, pinggul, permukaan bawah, ...",,https://kanjikana.com/id/kanji/尻?jlpt=2,1692
塗,"ぬ.る, ぬ.り, まみ.れる",ト,"cat, plester, lumur, oles, pelapis","塗る【ぬる】melukis, memplester, melapisi dengan pernis, melapisi, menyebar, ...",,,https://kanjikana.com/id/kanji/塗?jlpt=2,1414
沈,"しず.む, しず.める","チン, ジン","wastafel, terendam, mereda, merasa tertekan, lidah buaya","沈没【ちんぼつ】tenggelam, karam, turun, pencelupan, mabuk berat, ...","沈黙【ちんもく】kebisuan, diam, tenang, kediaman, ketidakaktifan","沈む【しずむ】tenggelam, pergi ke bawah, menenggelamkan, terbenam, mengatur, ...",https://kanjikana.com/id/kanji/沈?jlpt=2,1271
緑,みどり,"リョク, ロク",hijau,"緑【みどり】hijau, hijauan, kehijauan",,,https://kanjikana.com/id/kanji/緑?jlpt=2,1180
咲,"さ.く, -ざき",ショウ,"mekar, me­kar","咲く【さく】mekar, berbunga, berkembang, membuka, menghampiri",,,https://kanjikana.com/id/kanji/咲?jlpt=2,1534
臣,,"シン, ジン","retainer, subjek","総理大臣【そうりだいじん】perdana menteri, perdana",大臣【だいじん】menteri kabinet,,https://kanjikana.com/id/kanji/臣?jlpt=2,1249
腰,こし,ヨウ,"lumbar, pinggul, pinggang, wainscoting rendah",腰掛ける【こしかける】duduk,"腰掛け【こしかけ】kursi, bangku, pekerjaan sementara saat mencari pekerjaan yang lebih baik atau sampai menikah","腰【こし】punggung bawah, pinggang, pinggul, daerah lumbar, badan, ...",https://kanjikana.com/id/kanji/腰?jlpt=2,1306
貨,たから,カ,"kargo, barang, properti","外貨【がいか】mata uang asing, uang asing, valuta asing, barang impor","雑貨【ざっか】barang-barang beragam, barang umum, barang-barang kecil","貨幣【かへい】uang, mata uang, pencetakan uang",https://kanjikana.com/id/kanji/貨?jlpt=2,822
掘,ほ.る,クツ,"gali, menyelidiki, menggali",採掘【さいくつ】pertambangan,"発掘【はっくつ】penggalian, penggalian kembali, menggali, penemuan (fakta baru, bakat, dll.), penemuan","掘る【ほる】menggali, mengukir, menyelami, menggali (misalnya sayuran), untuk melakukan seks anal",https://kanjikana.com/id/kanji/掘?jlpt=2,1257
駐,,チュウ,"singgah, tinggal di, penduduk",駐車【ちゅうしゃ】memarkirkan kendaraan,"駐車場【ちゅうしゃじょう】tempat parkir, garasi parkir",,https://kanjikana.com/id/kanji/駐?jlpt=2,955
珍,"めずら.しい, たから",チン,"langka, penasaran, aneh","珍しい【めずらしい】tidak biasa, langka, penasaran, baru, novel, ...",,,https://kanjikana.com/id/kanji/珍?jlpt=2,1330
凍,"こお.る, こご.える, こご.る, い.てる, し.みる",トウ,"beku, membeku, mendinginkan","冷凍【れいとう】membeku, penyimpanan dingin, pendinginan","凍える【こごえる】membeku, dibekukan, menjadi mati rasa (karena dingin), didinginkan","凍る【こおる】membekukan, membeku",https://kanjikana.com/id/kanji/凍?jlpt=2,1284
募,つの.る,ボ,"merekrut, kampanye, mengumpulkan (sumbangan), mendaftar, menjadi keras","募金【ぼきん】penggalangan dana, pengumpulan dana","公募【こうぼ】seruan publik (misalnya untuk sumbangan), iklan publik (untuk sebuah posisi), rekrutmen terbuka, penawaran umum (surat berharga)","募る【つのる】menjadi lebih kuat, meningkat intensitasnya, menjadi keras, menjadi lebih buruk, mengundang kontribusi, dll., ...",https://kanjikana.com/id/kanji/募?jlpt=2,809
湾,いりえ,ワン,"teluk, inlet","湾【わん】teluk, inlet",,,https://kanjikana.com/id/kanji/湾?jlpt=2,545
涙,なみだ,"ルイ, レイ","air mata, simpati","涙【なみだ】air mata, sekresi lakrimal, simpati",,,https://kanjikana.com/id/kanji/涙?jlpt=2,1381
泥,"どろ, なず.む","デイ, ナイ, デ, ニ","lumpur, rawa, patuhi, terikat dengan","泥【どろ】lumpur, slus, tanah basah, rawa, pencuri","泥棒【どろぼう】pencuri, perampok, pencurian, perampokan",,https://kanjikana.com/id/kanji/泥?jlpt=2,1589
童,わらべ,ドウ,"remaja, anak","童話【どうわ】cerita anak-anak, dongeng","児童【じどう】anak-anak, remaja",,https://kanjikana.com/id/kanji/童?jlpt=2,1138
欧,"うた.う, は.く",オウ,eropa,,,,https://kanjikana.com/id/kanji/欧?jlpt=2,421
柔,"やわ.らか, やわ.らかい, やわ, やわ.ら","ジュウ, ニュウ","lembut, kelemahan, kelembutan","柔軟【じゅうなん】fleksibel, lincah, lembut, lentur","柔らかい【やわらかい】lembut, patuh, lentur, lincah, lumpuh, ...",柔道【じゅうどう】judo,https://kanjikana.com/id/kanji/柔?jlpt=2,1187
庁,やくしょ,"チョウ, テイ",kantor pemerintahan,"庁【ちょう】kantor pemerintahan, agensi, papan","官庁【かんちょう】kantor pemerintahan, lembaga pemerintah, otoritas",県庁【けんちょう】kantor prefektur,https://kanjikana.com/id/kanji/庁?jlpt=2,793
匹,ひき,ヒツ,"sama, kepala, penghitung untuk hewan kecil, gulungan kain","匹【ひき】penghitung untuk hewan kecil, penghitung untuk gulungan kain (ukuran dua han), penghitung untuk kuda, gulungan kain","匹敵【ひってき】sepadan dengan, bersaing dengan, menyamai, dibandingkan dengan, setara dengan",,https://kanjikana.com/id/kanji/匹?jlpt=2,1384
干,"ほ.す, ほ.し-, -ぼ.し, ひ.る",カン,"kering, mengeringkan, surut, mundur, mengganggu, membela","若干【じゃっかん】beberapa, sejumlah, sedikit, agak, sampai batas tertentu, ...","梅干し【うめぼし】umeboshi, ume kering acar, asam kering","干す【ほす】mengudara, mengeringkan, menguras, menghabiskan minuman, mencabut peran, pekerjaan, dll.",https://kanjikana.com/id/kanji/干?jlpt=2,1349
阪,さか,ハン,"ketinggian, lereng",,,,https://kanjikana.com/id/kanji/阪?jlpt=2,503
仏,ほとけ,"ブツ, フツ","Buddha, orang mati, prancis","仏像【ぶつぞう】patung Buddha, gambar buddha, patung buddha, citra buddha","仏【ふつ】Prancis, Bahasa Prancis","仏【ほとけ】Buddha, Shakyamuni, Gambar Buddhis, patung Buddha, orang mati, ...",https://kanjikana.com/id/kanji/仏?jlpt=2,819
辛,"から.い, つら.い, -づら.い, かのと",シン,"pedas, pahit, panas, tajam","辛うじて【かろうじて】hampir tidak, sempit, baru saja, dengan kesulitan","香辛料【こうしんりょう】bumbu, rempah-rempah","辛抱【しんぼう】kesabaran, ketahanan, ketekunan",https://kanjikana.com/id/kanji/辛?jlpt=2,1607
械,かせ,カイ,"alat, belenggu, mesin, instrumen","機械【きかい】mesin, mekanisme, instrumen, perangkat, peralatan",,,https://kanjikana.com/id/kanji/械?jlpt=2,1321
均,なら.す,キン,"tingkat, rata-rata","均衡【きんこう】keseimbangan, keseimbangan","平均【へいきん】rata-rata, berarti, keseimbangan, kesetimbangan",,https://kanjikana.com/id/kanji/均?jlpt=2,715
拾,ひろ.う,"シュウ, ジュウ","mengambil, mengumpulkan, temukan, berjalan kaki, sepuluh","拾う【ひろう】mengambil, mengumpulkan, mengambil (sesuatu yang dijatuhkan oleh seseorang), memilih, mendapatkan (secara tak terduga), ...",,,https://kanjikana.com/id/kanji/拾?jlpt=2,1479
幅,はば,フク,"gulungan gantung, lebar","大幅【おおはば】besar, drastis, kain lebar penuh (sekitar 72 cm lebar untuk pakaian tradisional Jepang; sekitar 140 cm lebar untuk pakaian Barat)","幅【はば】lebar, kebebasan (misalnya kebebasan berpikir), lintang, celah, perbedaan (misalnya dalam harga), ...",,https://kanjikana.com/id/kanji/幅?jlpt=2,641
寿,"ことぶき, ことぶ.く, ことほ.ぐ","ジュ, ス, シュウ","umur panjang, selamat, masa hidup alami seseorang","寿命【じゅみょう】rentang hidup, kehidupan, seumur hidup, umur, umur layanan, ...",,,https://kanjikana.com/id/kanji/寿?jlpt=2,1245
季,,キ,musim,"季節【きせつ】musim, waktu dalam tahun",,,https://kanjikana.com/id/kanji/季?jlpt=2,842
硬,かた.い,コウ,"kaku, keras","強硬【きょうこう】perusahaan, kuat, tegar, tegas, tanpa kompromi, ...","硬貨【こうか】koin, mata uang keras","硬い【かたい】keras, padat, kaku, ketat, kayu, ...",https://kanjikana.com/id/kanji/硬?jlpt=2,1101
湯,ゆ,トウ,"air panas, mandi, mata air panas",熱湯【ねっとう】air mendidih,"茶の湯【ちゃのゆ】upacara minum teh, upacara minum teh Jepang",湯気【ゆげ】uap,https://kanjikana.com/id/kanji/湯?jlpt=2,1356
粉,"デシメートル, こ, こな",フン,"tepung, bubuk, debu",花粉【かふん】serbuk sari,粉末【ふんまつ】bubuk halus,粉々【こなごな】dalam potongan-potongan sangat kecil,https://kanjikana.com/id/kanji/粉?jlpt=2,1484
枝,えだ,シ,"dahan, cabang, ranting, anggota badan, penghitung untuk cabang","枝【えだ】cabang, dahan, anggota badan, ranting, ranting kecil, ...",,,https://kanjikana.com/id/kanji/枝?jlpt=2,1401
溶,"と.ける, と.かす, と.く",ヨウ,"meleleh, larut, mencair",溶液【ようえき】larutan,溶岩【ようがん】lava,"溶け込む【とけこむ】meleleh menjadi, mencair menjadi, bergabung ke dalam, menyatu dengan (lingkungan), cocok, ...",https://kanjikana.com/id/kanji/溶?jlpt=2,1364
著,"あらわ.す, いちじる.しい","チョ, チャク","terkenal, menerbitkan, tulis, luar biasa, fenomenal, memakai, bos besar, kedatangan, menyelesaikan balapan, penghitung untuk setelan pakaian, karya sastra","著名【ちょめい】terkenal, dicatat, dirayakan","著しい【いちじるしい】menakjubkan, luar biasa, besar",著者【ちょしゃ】penulis,https://kanjikana.com/id/kanji/著?jlpt=2,849
筆,ふで,ヒツ,"kuas tulis, menulis, kuas cat, tulisan tangan",筆者【ひっしゃ】penulis,"筆記【ひっき】mencatat, menyalin","随筆【ずいひつ】esai, tulisan-tulisan beraneka ragam, catatan sastra",https://kanjikana.com/id/kanji/筆?jlpt=2,1132
翌,,ヨク,"berikut ini, berikutnya",,,,https://kanjikana.com/id/kanji/翌?jlpt=2,1070
傾,"かたむ.く, かたむ.ける, かたぶ.く, かた.げる, かし.げる",ケイ,"miring, tren, meredup, wastafel, reruntuhan, praduga","傾ける【かたむける】membungkuk, bersandar, memberi tip, miringkan, miring, ...","傾く【かたむく】cenderung pada, miring, terhuyung-huyung, cenderung untuk, menuju tren ke, ...","傾向【けいこう】kecenderungan, tren",https://kanjikana.com/id/kanji/傾?jlpt=2,938
浅,あさ.い,セン,"dangkal, permukaan, tak serius, hina, memalukan","浅い【あさい】dangkal, permukaan, ringan, tidur ringan, pucat, ...",,,https://kanjikana.com/id/kanji/浅?jlpt=2,1253
濃,こ.い,ノウ,"terkonsentrasi, tebal, gelap, murni","濃度【のうど】konsentrasi, kepadatan, kardinalitas","濃い【こい】dalam (warna), gelap, kuat, kental, padat, ...",,https://kanjikana.com/id/kanji/濃?jlpt=2,1200
召,め.す,ショウ,"menggoda, panggilan, kirim untuk, pakai, memakai, naik di, beli, makan, minum, menangkap (dingin)","召す【めす】memanggil, mengirimkan, mengundang, makan, minum, ...","召し上がる【めしあがる】makan, minum",,https://kanjikana.com/id/kanji/召?jlpt=2,1540
闇,"やみ, くら.い","アン, オン","menggelap, kesuraman, gangguan","闇【やみ】kegelapan, gelap, kebingungan, keputusasaan, tempat tersembunyi, ...",,,https://kanjikana.com/id/kanji/闇?jlpt=2,1969
憎,"にく.む, にく.い, にく.らしい, にく.しみ",ゾウ,"benci, membenci",愛憎【あいぞう】cinta dan benci,憎しみ【にくしみ】kebencian,憎む【にくむ】membenci,https://kanjikana.com/id/kanji/憎?jlpt=2,1808
湖,みずうみ,コ,danau,湖【みずうみ】danau,,,https://kanjikana.com/id/kanji/湖?jlpt=2,1344
拝,"おが.む, おろが.む",ハイ,"ibadah, mengagumi, berdoa kepada","崇拝【すうはい】ibadah, pengaguman, kekaguman, sekte","拝啓【はいけい】yang terhormat (si anu), yang terhormat, yang terhormat nyonya, kepada yang terhormat",拝借【はいしゃく】peminjaman,https://kanjikana.com/id/kanji/拝?jlpt=2,1443
炭,すみ,タン,"arang, batu bara",炭素【たんそ】karbon (C),"炭鉱【たんこう】tambang batubara, tambang batu bara, sumur tambang batu bara",石炭【せきたん】batu bara,https://kanjikana.com/id/kanji/炭?jlpt=2,1307
肌,はだ,キ,"tekstur, kulit, tubuh, butir","肌着【はだぎ】pakaian dalam, kemaja, singlet","肌【はだ】kulit, tubuh, permukaan, urat kayu, tekstur, ...",,https://kanjikana.com/id/kanji/肌?jlpt=2,1559
漁,あさ.る,"ギョ, リョウ","memancing, perikanan",漁船【ぎょせん】kapal pancing,漁村【ぎょそん】desa nelayan,"漁業【ぎょぎょう】industri perikanan, perikanan",https://kanjikana.com/id/kanji/漁?jlpt=2,1094
菓,,カ,"permen, kue-kue, buah","菓子【かし】permen dan kue, permen, kue","お菓子【おかし】permen, kue",,https://kanjikana.com/id/kanji/菓?jlpt=2,1719
汗,あせ,カン,"keringat, berkeringat","汗【あせ】keringat, kelembapan, kondensasi, teguk, aduh",,,https://kanjikana.com/id/kanji/汗?jlpt=2,1502
籍,,セキ,"mendaftar, buku register domisili, keanggotaan","国籍【こくせき】kebangsaan, kewarganegaraan, pendaftaran, bendera","書籍【しょせき】buku, publikasi",,https://kanjikana.com/id/kanji/籍?jlpt=2,907
貯,"た.める, たくわ.える",チョ,"tabungan, toko, berbaring di, tetap, kenakan kumis",貯蓄【ちょちく】tabungan,"貯金【ちょきん】menabung, tabungan, deposito, kelebihan kemenangan yang terakumulasi, kemenangan di bank",,https://kanjikana.com/id/kanji/貯?jlpt=2,1100
帽,"ずきん, おお.う","ボウ, モウ","tutup, perlengkapan kepala",帽子【ぼうし】topi,,,https://kanjikana.com/id/kanji/帽?jlpt=2,1742
郵,,ユウ,"surat, perhentian kereta kuda","郵送【ゆうそう】pengiriman surat, memposting","郵便【ゆうびん】layanan surat, layanan pos, surat, pos, urusan pos, ...",郵便局【ゆうびんきょく】kantor pos,https://kanjikana.com/id/kanji/郵?jlpt=2,917
柱,はしら,チュウ,"tiang, pos, silinder, dukungan","電柱【でんちゅう】tiang utilitas, tiang listrik, tiang telepon, tiang telegraf",,,https://kanjikana.com/id/kanji/柱?jlpt=2,1119
鋭,するど.い,エイ,"menunjuk, ketajaman, tepi, senjata, tajam, kekerasan","鋭い【するどい】tajam, menunjuk, akut, penusukan, mengiris (komentar, kritik, dll.), ...",,,https://kanjikana.com/id/kanji/鋭?jlpt=2,1395
磨,"みが.く, す.る",マ,"menggiling, polandia, menggosok, memperbaiki, sikat (gigi)","歯磨き【はみがき】menyikat gigi, menggosok gigi, pasta gigi, bedak gigi","磨く【みがく】mengilap, bersinar, mengilapkan, menggosok, menggosok (gigi), ...",,https://kanjikana.com/id/kanji/磨?jlpt=2,1608
麦,むぎ,バク,"jelai, gandum","蕎麦【そば】soba (fagopyrum esculentum), soba, mie soba Jepang, mie ala cina",小麦【こむぎ】gandum,,https://kanjikana.com/id/kanji/麦?jlpt=2,1615
灰,はい,カイ,"abu, jus asam, mengkremasi","灰色【はいいろ】abu-abu, abu-abu pucat",灰【はい】abu,灰皿【はいざら】asbak,https://kanjikana.com/id/kanji/灰?jlpt=2,1717
皿,さら,ベイ,"piring, membantu","皿【さら】piring, piring besar, cakram, melayani, membantu, ...",灰皿【はいざら】asbak,,https://kanjikana.com/id/kanji/皿?jlpt=2,1812
糸,いと,シ,benang,"毛糸【けいと】benang rajut, benang wol","糸【いと】benang, benang rajut, tali",,https://kanjikana.com/id/kanji/糸?jlpt=2,1488
斬,き.る,"ザン, サン, セン, ゼン","pemenggalan kepala, membunuh, pembunuhan","斬る【きる】membunuh (manusia) menggunakan pisau (pedang, parang, pisau, dll), memotong",,,https://kanjikana.com/id/kanji/斬?jlpt=2,2132
兆,"きざ.す, きざ.し",チョウ,"pertanda, sepuluh pangkat dua belas, triliun, tanda, gejala","兆し【きざし】tanda, indikasi, pertanda, gejala",,,https://kanjikana.com/id/kanji/兆?jlpt=2,1174
軟,"やわ.らか, やわ.らかい",ナン,lembut,"柔軟【じゅうなん】fleksibel, lincah, lembut, lentur",,,https://kanjikana.com/id/kanji/軟?jlpt=2,1269
灯,"ひ, ほ-, ともしび, とも.す, あかり",トウ,"lampu, sebuah lampu, cahaya, penghitung untuk lampu","灯油【とうゆ】kerosin, parafin, minyak lampu","灯台【とうだい】mercusuar, lampu interior kuno yang terdiri dari tiang kayu dengan mangkuk berisi minyak dan sumbu di atasnya","蛍光灯【けいこうとう】lampu fluorescent, lampu neon, orang yang lambat bereaksi, seseorang yang lambat dalam memahami",https://kanjikana.com/id/kanji/灯?jlpt=2,1605
鉱,あらがね,コウ,"mineral, bijih",鉱業【こうぎょう】industri pertambangan,鉱山【こうざん】tambang,"炭鉱【たんこう】tambang batubara, tambang batu bara, sumur tambang batu bara",https://kanjikana.com/id/kanji/鉱?jlpt=2,1376
脂,あぶら,シ,"gemuk, lemak hewan, lemak babi, rosin, permen karet, damar","脂肪【しぼう】gemuk, lemak paus, lemak babi, lemak sapi","脂【あぶら】gemuk, lemak hewan, lemak babi",,https://kanjikana.com/id/kanji/脂?jlpt=2,1548
瓶,"かめ, へい",ビン,"botol, botol kecil, toples, kendi, pajak pertambahan nilai, urna","瓶【びん】botol, toples, dekanter, kendi, botol kecil",花瓶【かびん】vas bunga,,https://kanjikana.com/id/kanji/瓶?jlpt=2,1528
詞,ことば,シ,"bagian ucapan, kata-kata, puisi","助詞【じょし】partikel, kata bantu dalam tata bahasa Jepang yang berfungsi sebagai pelengkap untuk kata utama","代名詞【だいめいし】kata ganti, sinonim, contoh klasik, pola, kata kunci, ...","形容詞【けいようし】kata sifat, i-sifat (dalam bahasa Jepang)",https://kanjikana.com/id/kanji/詞?jlpt=2,1636
刊,,カン,"menerbitkan, ukir, mengukir","創刊【そうかん】pendirian, memulai, peluncuran, publikasi pertama","刊行【かんこう】publikasi, masalah",夕刊【ゆうかん】koran sore,https://kanjikana.com/id/kanji/刊?jlpt=2,855
塔,,トウ,"pagoda, menara, menara gereja","塔【とう】menara, menara gereja, stupa, pagoda",,,https://kanjikana.com/id/kanji/塔?jlpt=2,1708
濯,"すす.ぐ, ゆす.ぐ",タク,"binatu, cuci, tuangkan di atas, bilas","洗濯【せんたく】mencuci, cucian, santai, mengambil jeda",,,https://kanjikana.com/id/kanji/濯?jlpt=2,1698
缶,かま,カン,"kaleng timah, kontainer, radikal tempayan (no. 121)","缶【かん】dapat, timah, makanan kaleng",,,https://kanjikana.com/id/kanji/缶?jlpt=2,1543
蒸,"む.す, む.れる, む.らす","ジョウ, セイ","uap, panas, lembab dan panas, menghasut, menjadi apek","蒸気【じょうき】uap, perahu uap, lokomotif uap","水蒸気【すいじょうき】uap air, uap","蒸す【むす】mengukus, panas dan lembap, menjadi penggoda",https://kanjikana.com/id/kanji/蒸?jlpt=2,1552
胃,,イ,"perut, perut, tanaman, menggerayangi","胃【い】perut, konstelasi ""perut"" tionghoa (salah satu dari 28 mansion)",,,https://kanjikana.com/id/kanji/胃?jlpt=2,1647
喫,の.む,キツ,"mengonsumsi, makan, minum, asap, menerima (pukulan)","喫茶【きっさ】minum teh, rumah teh, ruang teh, ruang kopi, kedai kopi, ...","喫茶店【きっさてん】kedai kopi, ruang teh, ruang kopi, kafe",,https://kanjikana.com/id/kanji/喫?jlpt=2,1347
粒,つぶ,リュウ,"biji-bijian, jatuhkan, penghitung partikel kecil","粒【つぶ】butir, manik-manik, jatuhkan, penghitung untuk objek bulat kecil termasuk biji-bijian, biji, pil, tetes",,,https://kanjikana.com/id/kanji/粒?jlpt=2,1635
涼,"すず.しい, すず.む, すず.やか, うす.い, ひや.す, まことに",リョウ,"menyegarkan, bagus dan sejuk","涼しい【すずしい】keren, menyegarkan, jernih (misalnya mata), terang, bersih, ...",,,https://kanjikana.com/id/kanji/涼?jlpt=2,1783
机,つくえ,キ,"meja kerja, meja",机【つくえ】meja kerja,,,https://kanjikana.com/id/kanji/机?jlpt=2,1671
鈍,"にぶ.い, にぶ.る, にぶ-, なま.る, なまく.ら",ドン,"tumpul, lambat, bodoh","鈍感【どんかん】tebal kepala, tidak peka, membosankan, tebal kulit","鈍る【にぶる】menjadi tumpul, menjadi kurang mampu, melemahkan, goyah","鈍い【にぶい】tumpul, tebal kepala, bodoh, tumpul (suara, warna, dll.), redup (cahaya), ...",https://kanjikana.com/id/kanji/鈍?jlpt=2,1574
軒,のき,ケン,"datar, penghitung rumah, gawang","軒並み【のきなみ】deretan rumah, setiap rumah, setiap pintu, semua, sepenuhnya, ...","軒【のき】gawang, lorong sempit yang mengelilingi inti bangunan kuil","軒【けん】rumah, nama pena, nama panggung, dll.",https://kanjikana.com/id/kanji/軒?jlpt=2,1416
零,"ぜろ, こぼ.す, こぼ.れる",レイ,"nol, tumpahkan, meluap, tidak ada, sandik","零点【れいてん】nol, tanpa tanda, nol (dari sebuah fungsi), akar, nol derajat (Celsius), ...",零【れい】nol,,https://kanjikana.com/id/kanji/零?jlpt=2,1217
湿,"しめ.る, しめ.す, うるお.う, うるお.す","シツ, シュウ","lembap, basah, lembab",湿気【しっけ】kelembapan,"湿る【しめる】menjadi lembap, menjadi basah, kekurangan energi, sedang lesu, merasa murung, ...",,https://kanjikana.com/id/kanji/湿?jlpt=2,1517
貿,,ボウ,"perdagangan, pertukaran","貿易【ぼうえき】perdagangan (asing), perdagangan internasional, impor dan ekspor",,,https://kanjikana.com/id/kanji/貿?jlpt=2,652
貝,かい,バイ,kerang,"貝殻【かいがら】cangkang laut, cangkang","貝【かい】kerang, kerang laut, cangkang",,https://kanjikana.com/id/kanji/貝?jlpt=2,1787
挟,"はさ.む, はさ.まる, わきばさ.む, さしはさ.む","キョウ, ショウ","jepit, antara","挟む【はさむ】memegang di antara (misalnya antara jari, sumpit), memegang (dari kedua sisi), memasukkan di antara, menyelipkan di antara, memasukkan, ...","挟まる【はさまる】untuk berpindah antara, terperangkap dalam",,https://kanjikana.com/id/kanji/挟?jlpt=2,1870
筒,つつ,トウ,"silinder, pipa, tabung, laras senapan, lengan","筒【つつ】pipa, tabung, silinder, laras senapan, senjata api, ...","水筒【すいとう】kantin, labu, botol air, termos",封筒【ふうとう】amplop,https://kanjikana.com/id/kanji/筒?jlpt=2,1631
隅,すみ,グウ,"sudut, pojok","隅【すみ】sudut, pojok, istirahat, kanan depan (pada panggung noh)",,,https://kanjikana.com/id/kanji/隅?jlpt=2,1601
冊,ふみ,"サツ, サク","jilid, penghitung untuk buku, volume","冊【さつ】penghitung buku, volume",,,https://kanjikana.com/id/kanji/冊?jlpt=2,1313
郊,,コウ,"pinggiran, pinggiran kota, daerah pedesaan","近郊【きんこう】pinggiran, sekitarnya (dari sebuah kota), daerah sekitarnya, lingkungan","郊外【こうがい】pinggiran kota, kawasan perumahan di pinggiran kota, sabuk komuter",,https://kanjikana.com/id/kanji/郊?jlpt=2,1304
刷,"す.る, -ず.り, -ずり, は.く",サツ,"percetakan, cetak, sikat",刷り【すり】percetakan,"刷る【する】mencetak, mewarnai atau memola kain menggunakan cetakan kayu",印刷【いんさつ】percetakan,https://kanjikana.com/id/kanji/刷?jlpt=2,1352
脇,"わき, わけ",キョウ,"ketiak, cara lain, tempat lain, sisi, peran pendukung","脇【わき】ketiak, di bawah lengan seseorang, sisi, di samping, dekat dengan, ...",,,https://kanjikana.com/id/kanji/脇?jlpt=2,1806
銅,あかがね,ドウ,tembaga,"銅【どう】tembaga (Cu), perunggu",,,https://kanjikana.com/id/kanji/銅?jlpt=2,1505
綿,わた,メン,kapas,"綿【わた】tanaman kapas (Gossypium spp.), memukul bola, kapas, bantalan","木綿【もめん】katun, pohon kapas merah (Bombax ceiba)",,https://kanjikana.com/id/kanji/綿?jlpt=2,1495
膚,はだ,フ,"kulit, tubuh, butir, tekstur, disposisi",,,,https://kanjikana.com/id/kanji/膚?jlpt=2,1679
滴,"しずく, したた.る",テキ,"tetesan, jatuhkan","滴【しずく】tetes, tetesan","水滴【すいてき】tetes air, wadah untuk mengisi ulang air tinta",,https://kanjikana.com/id/kanji/滴?jlpt=2,2019
隻,,セキ,"kapal, penghitung kapal, ikan, burung-burung, panah, salah satu dari sepasang",,,,https://kanjikana.com/id/kanji/隻?jlpt=2,1546
符,,フ,"token, tanda, menghitung, pesona","符号【ふごう】tanda, simbol, kode, tanda (misalnya positif, negatif)",切符【きっぷ】tiket,,https://kanjikana.com/id/kanji/符?jlpt=2,1798
伺,うかが.う,シ,"menghormati, kunjungan, tanya, menanyakan, pertanyaan, memohon","伺う【うかがう】mengunjungi seseorang, mampir di suatu tempat, mengunjungi, menunggu seseorang, bertanya, ...",,,https://kanjikana.com/id/kanji/伺?jlpt=2,2209
沸,"わ.く, わ.かす",フツ,"mendidih, fermentasi, keributan, membudidayakan","沸騰【ふっとう】mendidih, memanas, kegembiraan, kegelisahan, fermentasi, ...","沸かす【わかす】merebus, memanaskan, menggairahkan, melebur (logam)",,https://kanjikana.com/id/kanji/沸?jlpt=2,1709
畜,,チク,"ternak, unggas dan hewan domestik","畜産【ちくさん】peternakan, industri peternakan","家畜【かちく】hewan domestik, ternak, sapi","牧畜【ぼくちく】peternakan, pembibitan ternak",https://kanjikana.com/id/kanji/畜?jlpt=2,1824
舟,"ふね, ふな-, -ぶね",シュウ,"perahu, kapal",,,,https://kanjikana.com/id/kanji/舟?jlpt=2,1786
枯,"か.れる, か.らす",コ,"layu, mati, mengering, diberi bumbu","枯れる【かれる】layu, diledakkan, mati, matang",,,https://kanjikana.com/id/kanji/枯?jlpt=2,1749
姓,,"セイ, ショウ",nama belakang,"姓名【せいめい】nama lengkap, nama keluarga dan nama pemberian","姓【せい】nama belakang, nama keluarga, gelar turun-temurun (digunakan di Jepang kuno untuk menunjukkan peringkat dan kedudukan politik)",,https://kanjikana.com/id/kanji/姓?jlpt=2,1628
畳,"たた.む, たたみ, かさ.なる","ジョウ, チョウ","tikar tatami, penghitung tatami, lipat, diam, hapuskan","畳【たたみ】tikar tatami, penutup lantai jerami Jepang",,,https://kanjikana.com/id/kanji/畳?jlpt=2,1665
燥,はしゃ.ぐ,ソウ,"mengeringkan, mengering","乾燥【かんそう】kekeringan, mengeringkan (misalnya pakaian), dehidrasi, pengeringan, keseganan",,,https://kanjikana.com/id/kanji/燥?jlpt=2,1819
耕,たがや.す,コウ,"sampai, bajak, mengolah","耕作【こうさく】budidaya, pertanian","農耕【のうこう】pertanian, budidaya","耕地【こうち】lahan pertanian, perkebunan, pertanian, perkebunan besar",https://kanjikana.com/id/kanji/耕?jlpt=2,1568
膝,ひざ,シツ,"lutut, lap","膝【ひざ】lutut, pelukan, lutut dan paha (saat duduk)",,,https://kanjikana.com/id/kanji/膝?jlpt=2,2320
曇,くも.る,ドン,"cuaca berawan, mendung","曇り【くもり】kekeruhan, cuaca berawan, embun, awan, kabur, ...","曇る【くもる】mendung, menjadi mendung, memburamkan, mengembun, menjadi redup, ...",,https://kanjikana.com/id/kanji/曇?jlpt=2,1899
肯,がえんじ.る,コウ,"perjanjian, persetujuan, patuhi","肯定【こうてい】pengesahan, positif",,,https://kanjikana.com/id/kanji/肯?jlpt=2,1813